Year,CO2_Wm-2,CH4_Wm-2,N2O_Wm-2,Minor_GHGs_Wm-2,TropO3_Wm-2,StratO3_Wm-2,StratH2O_CH4ox_Wm-2,Contrails,Aerosols,SnowBC_Wm-2,Landuse_Wm-2,Volcanic_Wm-2,Solar_Wm-2
1765.0,2.6232933007698172e-05,0.0,0.0,0.0,0.0,-0.0,0.0,0.0,-0.0012974915814745,0.0,-0.0,0.104971077,-0.054
1766.0,9.242970090937949e-05,0.00025992474222028163,3.833187727127604e-05,-2.3326092660980184e-09,0.0006070554928046072,-0.0,3.119096906643379e-05,0.0,-0.0032997057903983154,0.0005290383189122372,-6.0743936354399994e-06,0.107048,-0.048
1767.0,0.00019099444743032719,0.0007823883790447027,0.00011535429536090153,-3.2528685113391024e-09,0.0010206925929849395,-0.0,9.388660548536432e-05,0.0,-0.005167509431298094,0.00065949369592089,-1.822318204421e-05,0.107048,-0.036
1768.0,0.0003188720102051044,0.001291971044885607,0.00019107026730198328,-3.6614453327317165e-09,0.0014259476670550894,-0.0,0.00015503652538627284,0.0,-0.007031601930843825,0.0007903424969097652,-3.644636408841999e-05,0.107048,0.016
1769.0,0.0004743404867404451,0.0017857867836706136,0.00026562794713509333,-3.8967973001078346e-09,0.0016719170751825535,-0.0,0.0002142944140404736,0.0,-0.00889201195093981,0.0009215968355995056,-6.074393976806999e-05,0.107048,0.05
1770.0,0.0006561206365865658,0.002262874964889252,0.000339105774394427,-4.083498589622536e-09,0.0018640735551804424,-0.0,0.0002715449957867102,0.0,-0.010748767725905745,0.001053269369592089,-9.111591022104999e-05,0.107048,0.081
1771.0,0.0008719154661225186,0.0027265734577479237,0.000411513010585431,-4.267413672245369e-09,0.002027631566209994,-0.0,0.0003271888149297508,0.0,-0.012606631558615874,0.0011853729542645242,-0.00012756227430946998,0.107048,0.055
1772.0,0.0011097082077522725,0.00318100566333652,0.00048279035081830635,-4.465434535049439e-09,0.0023788130928198746,-0.0,0.00038172067960038237,0.0,-0.014456164991980212,0.0013179209394313968,-0.00017008303203332997,0.058586462,0.052
1773.0,0.0013698996277800722,0.0036270773280951776,0.0005530843937220674,-4.683797233674624e-09,0.0029664340420610894,-0.0,0.0004352492793714213,0.0,-0.016302130060344856,0.0014509270704573549,-0.00021867818453051994,0.093201846,0.016
1774.0,0.0016522188991925227,0.004063849685517951,0.0006226089928112258,-4.924818817293897e-09,0.0035547677848261246,-0.0,0.0004876619622621541,0.0,-0.018144555763120396,0.0015844054882571076,-0.00027334773066314995,0.103586462,-0.002
1775.0,0.001956138528898724,0.004490392275169096,0.0006915077570998294,-5.1893733447343494e-09,0.00416594149774813,-0.0,0.0005388470730202915,0.0,-0.01998347040272641,0.0017183708776267,-0.00033409167043121994,0.106355692,-0.038
1776.0,0.002280969925912945,0.004905808523197169,0.0007597861951596134,-5.4778068501804e-09,0.0048886685636857444,-0.0,0.0005886970227836603,0.0,-0.021818903387991365,0.0018528382200247218,-0.00040091000383473,0.107048,-0.045
1777.0,0.0026263044089013567,0.0053091808765810084,0.0008273128845812544,-5.790272924727447e-09,0.00559987425405268,-0.0,0.000637101705189721,0.0,-0.02365088338958712,0.0019878230407911,-0.00047380273201156996,0.107048,-0.036
1778.0,0.002991859584381133,0.005699625195633449,0.0008942313066159094,-6.12685329656415e-09,0.006244736091643869,-0.0,0.0006839550234760139,0.0,-0.025479439551752397,0.0021233414091470955,-0.0005527698538238499,0.060663385,0.017
1779.0,0.0033773254802843466,0.006076235938039042,0.0009608206352008851,-6.48760037267948e-09,0.006845557225164289,-0.0,0.0007291483125646851,0.0,-0.027304600568182368,0.00225940978986403,-0.0006378113692715699,0.057894154,-0.034
1780.0,0.0037818363410264274,0.006436301906855859,0.0010271524469953027,-6.872565484606242e-09,0.007635675028419131,-0.0,0.0007723562288227031,0.0,-0.029126395963966763,0.0023960451915945613,-0.00072892727949262,0.094586462,-0.069
1781.0,0.004214076852182853,0.006774768838363799,0.0010932293665358397,-7.281790615309091e-09,0.008366593790076388,-0.0,0.0008129722606036559,0.0,-0.03094958890766017,0.002533265166872682,-0.0008261175833491099,0.104278769,-0.057
1782.0,0.004663145282687587,0.007089917391457023,0.0011589855366206177,-7.715319317092906e-09,0.008974066669449433,-0.0,0.0008507900869748427,0.0,-0.03276474108013795,0.0026710877626699627,-0.0009293822808410398,0.106355692,-0.028
1783.0,0.005130546788456678,0.007386356253996122,0.0012244922836976814,-8.173203310420264e-09,0.009449356007956593,-0.0,0.0008863627504795347,0.0,-0.03457661560708188,0.002809531668726823,-0.0010387213731062998,-5.332413538,-0.065
1784.0,0.005538733745320474,0.007671109610793887,0.0012900256904557368,-8.655491251275295e-09,0.0113876865738648,-0.0,0.0009205331532952664,0.0,-0.03638524246493591,0.0029486160197775032,-0.0011541348590069999,-0.254336615,-0.059
1785.0,0.006001495143872829,0.007951247887263991,0.001355722165641792,-9.162231729050064e-09,0.011937104190024242,-0.0,0.0009541497464716789,0.0,-0.038190651877556256,0.003088360692212608,-0.0012756227430946996,0.023278769,-0.046
1786.0,0.006499734333779388,0.008233805592337062,0.0014216488044378444,-9.69347619385985e-09,0.012488044850112253,-0.0,0.0009880566710804475,0.0,-0.03999287277480283,0.0032287860568603216,-0.0014031850139904997,0.088355692,-0.022
1787.0,0.00702671545742525,0.008525862353991888,0.0014875983925148883,-1.0249284739643371e-08,0.013042204445953824,-0.0,0.0010231034824790266,0.0,-0.04179193497200656,0.0033699132756489494,-0.0015368216830732996,0.105663385,-0.001
1788.0,0.007578941718917648,0.008834408340612101,0.001553775894423697,-1.0829711685190091e-08,0.013601259875960059,-0.0,0.001060129000873452,0.0,-0.04358786949092077,0.0035117639060568604,-0.0016765327503430996,0.014971077,0.034
1789.0,0.008152748050797711,0.009166481955922305,0.0016202476755210935,-1.1434814233098221e-08,0.014166902708481387,-0.0,0.0010999778347106767,0.0,-0.04538070640800182,0.003654360395550062,-0.0018223182044209997,0.078663385,-0.033
1790.0,0.00874677614901924,0.009527742989323455,0.0016872847848160128,-1.2064655354436124e-08,0.014740503561721782,-0.0,0.0011433291587188146,0.0,-0.047170475910190995,0.0037977258343634118,-0.0019741780566858995,0.100817231,-0.058
1791.0,0.009368643307824156,0.009919490305013753,0.0017548825232368331,-1.271929801643523e-08,0.015322407425548261,-0.0,0.0011903388366016504,0.0,-0.04896194218150764,0.003941884004944376,-0.0021321122957588994,0.106355692,-0.056
1792.0,0.010006689301707266,0.010339268101910172,0.0018228996900900001,-1.3398805186966455e-08,0.015912078371870014,-0.0,0.0012407121722292206,0.0,-0.050745669303228665,0.004086859332509271,-0.0022961209330188996,0.107048,-0.051
1793.0,0.01066182250263618,0.010784299768491708,0.0018914014752573415,-1.4103245600807667e-08,0.01650890404554662,-0.0,0.001294115972219005,0.0,-0.05252642117878712,0.00423267718170581,-0.002466203968465899,0.107048,-0.065
1794.0,0.01133352543690362,0.011252399149398037,0.0019606577004851284,-1.4832693762201642e-08,0.017112412895886917,-0.0,0.0013502878979277644,0.0,-0.05430422976252729,0.004379363609394314,-0.002642361390720999,-0.001644308,-0.064
1795.0,0.012019130924230959,0.011741446881792234,0.0020307991597780977,-1.55872184033683e-08,0.017722148005593477,-0.0,0.001408973625815068,0.0,-0.05607912596175492,0.004526945414091471,-0.002824593211163099,0.107048,-0.027
1796.0,0.012723152310664248,0.01224923052937611,0.0021018187715398265,-1.6366894024713473e-08,0.018337632955372326,-0.0,0.0014699076635251332,0.0,-0.05785114089228842,0.004675450383189122,-0.0030128994297921987,-0.433644308,-0.033
1797.0,0.013439064126304986,0.012773636018258393,0.002173709577649521,-1.7171800894828947e-08,0.018958413074105555,-0.0,0.001532836322191007,0.0,-0.05962504097491707,0.004824906946847961,-0.0032072800352293987,0.057894154,-0.043
1798.0,0.014174649623094284,0.013312510212690623,0.0022464646501539984,-1.8002019280388027e-08,0.019584027074272217,-0.0,0.0015975012255228748,0.0,-0.0613913895958722,0.004975344870210136,-0.0034077350388535986,0.095971077,-0.045
1799.0,0.014928735718973084,0.013863717777475972,0.0023202823101808583,-1.885762944678504e-08,0.020214016155587967,-0.0,0.0016636461332971166,0.0,-0.06315495556756212,0.005126793572311496,-0.0036142644292858988,0.105663385,-0.047
1800.0,0.015708954133600593,0.014428918481959341,0.0023953589180668805,-1.9738711657495858e-08,0.02084882124065697,-0.0,0.001731470217835121,0.0,-0.06492050084726414,0.0052792855377008655,-0.003826868217905199,0.107048,-0.055
1801.0,0.016503396062655003,0.015016844262335568,0.002471751987907111,-2.0645357713647174e-08,0.02149055981537563,-0.0,0.001802021311480268,0.0,-0.0666785933725939,0.005432852410383189,-0.004045546404711499,0.000432615,-0.021
1802.0,0.01732837322453623,0.015634703556223033,0.00254945008789438,-2.157766229854019e-08,0.02214099442595632,-0.0,0.0018761644267467638,0.0,-0.06844346720981016,0.005587527317676143,-0.004270298978325899,0.073817231,-0.01
1803.0,0.018157073239156222,0.01628089920756551,0.002628442716254582,-2.253571720882519e-08,0.022799807132136404,-0.0,0.001953707904907861,0.0,-0.07019148679864178,0.005743344870210137,-0.0045011259501273,0.099432615,-0.033
1804.0,0.019002505862055045,0.016949668351731506,0.002708856331651522,-2.3519620009338382e-08,0.023141269102818763,-0.0,0.0020339602022077805,0.0,-0.07194162016905556,0.005900340173053153,-0.004738027320115699,-0.052182769,-0.04
1805.0,0.019858206689029934,0.01763531365180423,0.0027908848247360733,-2.4529471147090473e-08,0.024137355066912825,-0.0,0.0021162376382165074,0.0,-0.07368916717931105,0.006058549814585909,-0.004981003076912199,0.058586462,-0.046
1806.0,0.020738699682652365,0.018332123168537464,0.00287458370489803,-2.556537395254566e-08,0.024813502007836226,-0.0,0.0021998547802244955,0.0,-0.07543889640125571,0.006218011372064277,-0.005230053231895699,0.095971077,-0.036
1807.0,0.021633898674124654,0.01903440086378031,0.0029598715184011534,-2.6627434638982094e-08,0.025206637658235397,-0.0,0.002284128103653637,0.0,-0.07718137606131426,0.006378762917181707,-0.005485177785066199,0.105663385,-0.057
1808.0,0.02254376041750188,0.019736467875797022,0.0030468725323771224,-2.7715765185305943e-08,0.025721263472198694,-0.0,0.0023683761450956427,0.0,-0.07892137183001169,0.0065408454882571075,-0.005746376725044799,0.107048,-0.065
1809.0,0.0234681683099311,0.020432638159953265,0.003135641703025701,-2.8830480454516306e-08,0.026294764335640583,-0.0,0.002451916579194392,0.0,-0.08065892187259663,0.00670429913473424,-0.0060136500632103984,-4.702413538,-0.065
1810.0,0.024207162368149494,0.021120157962581106,0.0032263028813963113,-2.997169530641486e-08,0.027537705632175315,-0.0,0.0025344189555097326,0.0,-0.08239405836834829,0.006869167367119902,-0.006286997788184099,-1.453413538,-0.07
1811.0,0.0250068288668748,0.021802727030644647,0.0033189072504915167,-3.1139530367710226e-08,0.028220460004286595,-0.0,0.0026163272436773577,0.0,-0.08413155439306855,0.007035492707045735,-0.006566419911344799,-0.471721231,-0.072
1812.0,0.02587224674821729,0.02248617564029497,0.0034135066970234305,-3.233411203329695e-08,0.028905599004207853,-0.0,0.0026983410768353965,0.0,-0.08586197586428623,0.007203321137206427,-0.006851916432692499,-0.106182769,-0.072
1813.0,0.02679507671450922,0.023172278353462722,0.003510153124325015,-3.355556957960459e-08,0.029593610177660813,-0.0,0.0027806734024155267,0.0,-0.08759009501546593,0.00737269913473424,-0.007143487340848299,0.031586462,-0.069
1814.0,0.02776389612703817,0.023860351578536495,0.0036089665812034846,-3.48040380486907e-08,0.030284398106460275,-0.0,0.002863242189424379,0.0,-0.08931594831366556,0.00754367416563659,-0.007441132647191099,0.107048,-0.064
1815.0,0.028778989508086963,0.024549727344874265,0.0037099294240741103,-3.607965248133382e-08,0.030977871367729927,-0.0,0.0029459672813849118,0.0,-0.09104430761742391,0.0077162956736712,-0.007744852351720899,-7.943798154,-0.062
1816.0,0.02942030869112271,0.025239753066755362,0.003813163857962864,-3.7382553685219477e-08,0.03167394582918037,-0.0,0.0030287703680106433,0.0,-0.0927704768329726,0.00789061458590853,-0.0080546464430588,-3.045028923,-0.052
1817.0,0.03013921462885463,0.025929765925947125,0.003918784864208007,-3.8712891118393606e-08,0.03237253399725587,-0.0,0.003111571911113655,0.0,-0.09449449327139689,0.008066683807169345,-0.0083705149325837,-1.567644308,-0.048
1818.0,0.03096695421757586,0.026619095959861304,0.004026841033789662,-4.007081423570469e-08,0.03307355039193993,-0.0,0.003194291515183356,0.0,-0.09621166387953746,0.008244556736711992,-0.0086924578089167,-0.526413538,-0.053
1819.0,0.03191601710686606,0.027307093905230683,0.004137312399702331,-4.145648114491962e-08,0.03377691687499245,-0.0,0.003276851268627682,0.0,-0.09792675956528407,0.00842429023485785,-0.0090204750834367,-0.126259692,-0.054
1820.0,0.032958872308252174,0.02799330827933394,0.004250247750649817,-4.287005571751479e-08,0.034482602171997216,-0.0,0.0033591969935200727,0.0,-0.09963982187770605,0.008605941161928306,-0.0093545667561437,0.080048,-0.059
1821.0,0.03407167741069227,0.028677897192169417,0.004365695385511165,-4.431170182304812e-08,0.03519072635750144,-0.0,0.0034413476630603297,0.0,-0.10135089231047568,0.008789568355995056,-0.0096947328156588,0.107048,-0.065
1822.0,0.03524078102293761,0.02936138894715163,0.004483703082074333,-4.578158909734498e-08,0.035901498731640016,-0.0,0.0035233666736581956,0.0,-0.10306474388360545,0.008975233621755254,-0.0100409732733609,0.107048,-0.066
1823.0,0.03644983214394426,0.03004413833870366,0.004604454787875042,-4.727989871132366e-08,0.03661509104377321,-0.0,0.003605296600644439,0.0,-0.1047766838937429,0.00916300024721879,-0.010393288129249998,0.107048,-0.068
1824.0,0.037680676902160856,0.03072637211904434,0.004727928178522386,-4.880681471743742e-08,0.03733164722108631,-0.0,0.0036871646542853205,0.0,-0.10648202265611674,0.009352932509270705,-0.0107516773719472,0.107048,-0.059
1825.0,0.03893877689327965,0.031408305286653636,0.004854169171400352,-5.036252116302365e-08,0.03805131030062703,-0.0,0.0037689966343984363,0.0,-0.10819026732474155,0.009545097651421508,-0.0111161410128314,0.107048,-0.052
1826.0,0.04020996074110194,0.03209014408379149,0.004983223478290775,-5.194721363243105e-08,0.03877422506992161,-0.0,0.0038508172900549786,0.0,-0.10989199676884805,0.009739564894932015,-0.011486679051902602,0.107048,-0.044
1827.0,0.041502255879905296,0.03277208899559668,0.00511527269631488,-5.356109347371785e-08,0.0395005382352045,-0.0,0.003932650679471602,0.0,-0.1115967207549602,0.009936405438813353,-0.0118632914777819,0.107048,-0.018
1828.0,0.04280462783870557,0.033454362419689215,0.00525036059374102,-5.5204367801209746e-08,0.040230403839215695,-0.0,0.004014523490362706,0.0,-0.11329501790742455,0.010135692459826949,-0.0122459783018482,0.107048,-0.008
1829.0,0.04411741917937804,0.03413718331898871,0.005388462240833556,-5.6877249494860395e-08,0.040963979764726516,-0.0,0.0040964619982786455,0.0,-0.11499166661914197,0.010337501606922126,-0.012634739512722601,0.107048,-0.006
1830.0,0.04549197679974913,0.03481930832446793,0.005529552638409363,-5.857996296843737e-08,0.04170107239057587,-0.0,0.004178316998936151,0.0,-0.11671511459286654,0.010541911001236096,-0.013029575121784003,0.107048,0.002
1831.0,0.046854176508051994,0.03549707957327187,0.005673676971113274,-6.031273263123182e-08,0.042440909561986526,-0.0,0.004259649548792624,0.0,-0.11840387095573894,0.010749001236093944,-0.013430485129032404,-0.957721231,0.002
1832.0,0.048157120959557154,0.03616830479118967,0.005821084245567618,-6.207579154225584e-08,0.04318307343935278,-0.0,0.00434019657494276,0.0,-0.12009585277931588,0.010958854882571076,-0.013837469523088904,-0.743798154,-0.02
1833.0,0.04945346759594187,0.03683492309715741,0.005971814967180386,-6.38693842949749e-08,0.04392814658631143,-0.0,0.00442019077165889,0.0,-0.12179111012784025,0.011171557478368356,-0.014250528315332404,-0.311798154,-0.035
1834.0,0.05076828898996695,0.03750061366780697,0.006125841013284947,-6.569375836247104e-08,0.044677139376791915,-0.0,0.004500073640136836,0.0,-0.1234802215109008,0.011387197527812117,-0.014669661505762904,-0.047336615,-0.038
1835.0,0.05212193391496249,0.03816903251852491,0.006283202648085348,-6.754917275100069e-08,0.045431061379668354,-0.0,0.004580283902222989,0.0,-0.12517270796798594,0.01160586501854141,-0.015094869083001504,-3.309490462,-0.033
1836.0,0.05329741766805371,0.03884381664229686,0.006443942657180099,-6.943589223244828e-08,0.04619092403421863,-0.0,0.004661257997075623,0.0,-0.12687808370959114,0.011827654882571075,-0.015526151058427102,-0.893336615,0.017
1837.0,0.054539977498368364,0.03952866273334545,0.006608234103357705,-7.135419311059365e-08,0.04695775974366366,-0.0,0.0047434395280014545,0.0,-0.12856326770590518,0.012052662546353522,-0.015963507420660803,-0.255028923,0.055
1838.0,0.055874401287216754,0.040227171976390495,0.00677618288727211,-7.330435745484464e-08,0.04773258309907117,-0.0,0.004827260637166859,0.0,-0.1302519806982302,0.012280987886279359,-0.016406938181081503,-0.025875077,0.051
1839.0,0.057281230949135405,0.04094296184248588,0.006947758162437737,-7.528667021166767e-08,0.04851642139369096,-0.0,0.004913155421098305,0.0,-0.13193954321589055,0.012512733745364648,-0.016856443339689203,0.059278769,0.028
1840.0,0.05875058502763316,0.04168181773465471,0.007123541948901771,-7.730143363144747e-08,0.04931083410193571,-0.0,0.005001818128158564,0.0,-0.13363074209523404,0.01274800543881335,-0.017312022885105003,0.074509538,0.027
1841.0,0.06025817705925392,0.042451527312468686,0.0073148075120401685,-7.934896438119664e-08,0.05011787957761783,-0.0,0.0050941832774962425,0.0,-0.13531616556067766,0.012986912731767615,-0.017773676828707802,0.098048,0.007
1842.0,0.061805243946400475,0.04325455146489064,0.007536544822536706,-8.142957912217241e-08,0.05093833410790398,-0.0,0.005190546175786877,0.0,-0.13700533983549906,0.0132295673671199,-0.018241405170497604,0.104971077,-0.006
1843.0,0.06337464693986097,0.04408478225642708,0.0077756193156829235,-8.354360893225986e-08,0.05177088335582455,-0.0,0.005290173870771249,0.0,-0.1386888531896349,0.013476085537700863,-0.0187152078990955,0.071048,-0.013
1844.0,0.06496956833443672,0.044932976111763265,0.007991159000987041,-8.569139353778608e-08,0.052613442579640214,-0.0,0.005391957133411592,0.0,-0.14037623304024693,0.013726586402966624,-0.019195085025880403,0.097355692,-0.024
1845.0,0.06660539319115837,0.04578993625882529,0.00813693098719747,-8.787328131032268e-08,0.05346393157088936,-0.0,0.005494792351059034,0.0,-0.14207227388950294,0.013981193572311494,-0.0196810365508523,0.104971077,-0.026
1846.0,0.06824114202684149,0.046646491851865306,0.0081967859875869,-9.008963504062704e-08,0.05432028390324675,-0.0,0.005597579022223837,0.0,-0.14374863341271532,0.014240034116192828,-0.0201730624626323,0.057894154,-0.024
1847.0,0.06990466128402448,0.04749336433170166,0.008205767133154908,-9.234082616406169e-08,0.055180425254417895,-0.0,0.0056992037198042,0.0,-0.14543850919222068,0.014503239060568605,-0.020671162772599304,0.093201846,-0.062
1848.0,0.07157480774776137,0.04832136376855986,0.008203248528460154,-9.4627234764431e-08,0.056042299991729765,-0.0,0.005798563652227183,0.0,-0.14711830079014676,0.014770942398022251,-0.0211753374693744,0.103586462,-0.018
1849.0,0.07327665132505576,0.049121307503644684,0.008200836047721389,-9.694924957014449e-08,0.05690384670692259,-0.0,0.005894556900437362,0.0,-0.14880700489964604,0.01504328454882571,-0.0216855865643365,0.106355692,0.043
1850.0,0.07501873009315416,0.04988074801436878,0.008283703089114929,4.249795725398248e-06,0.057615076499304196,-1.6034462924123254e-06,0.005985689761724254,0.0,-0.15049995454167697,0.015320407911001237,-0.0222019100574856,0.107048144,0.0210419
1851.0,0.0766517855649107,0.05077735861158747,0.008536199302579735,1.2943646713169227e-05,0.05760340709100266,-4.9861039937393666e-06,0.006093283033390496,0.0,-0.15163926707887948,0.01542023090234858,-0.0227103030262797,0.104520396,0.0134796
1852.0,0.07874127222568869,0.05183467174662774,0.008873270191281587,2.1642967565237062e-05,0.0577478191733517,-8.449163462864904e-06,0.006220160609595328,0.0,-0.1529556144006194,0.01552005389369592,-0.023277680946929502,0.062422531,0.0127106
1853.0,0.0806948487075311,0.052890903441271064,0.009210263339818572,3.0347551989268664e-05,0.058102480228307885,-1.1959445829811762e-05,0.006346908412952527,0.0,-0.15405035560439337,0.015619876390605686,-0.023843615647555598,0.104594283,-0.0009827
1854.0,0.08265819197542287,0.05394608215442849,0.009547177203211308,3.9050966206255196e-05,0.058351856562526866,-1.5501389617331504e-05,0.006473529858531418,0.0,-0.15518027838927145,0.01571969938195303,-0.024407800944716798,0.107048144,-0.0201447
1855.0,0.08456012421096011,0.054824482609656285,0.009884110981608633,4.774701920059362e-05,0.05864544161155275,-1.9065357326824066e-05,0.006578937913158754,0.0,-0.15626656551527315,0.01581952187886279,-0.0249695536264993,0.107048144,-0.0318939
1856.0,0.08651005289139467,0.05570214827789601,0.010220927530046704,5.644222409246409e-05,0.058989336550922256,-2.2649509745018483e-05,0.006684257793347521,0.0,-0.1573937334339948,0.015919344870210135,-0.0255372866371025,0.107048144,-0.0352692
1857.0,0.08845970761632664,0.05675446387911044,0.01055761421801888,6.514596587878078e-05,0.05938446238994756,-2.6254642893172776e-05,0.006810535665493253,0.0,-0.15850018568901586,0.01601916786155748,-0.0261110471875825,0.107048144,-0.0268951
1858.0,0.09041250358277352,0.05780573705944975,0.010894208810923154,7.38423343613972e-05,0.0597411629560109,-2.987189883546353e-05,0.0069366884471339695,0.0,-0.15960414632248848,0.01611899035846724,-0.0266904983031947,0.107048144,-0.0036957
1859.0,0.0924078210055742,0.05885594408475355,0.011230766185564633,8.25378431159955e-05,0.060013040606361194,-3.350222416374849e-05,0.007062713290170426,0.0,-0.16072688818063016,0.01621881334981459,-0.027275662662086798,0.107048144,0.0155304
1860.0,0.09446238037798789,0.05990508880164383,0.011567232409262112,9.12418775864575e-05,0.06023411550432718,-3.714817515024858e-05,0.0071886106561972595,0.0,-0.1618645470819385,0.016318635846724352,-0.0278661898965489,0.107048144,0.0299927
1861.0,0.09657296059917535,0.06095319237889141,0.011903635693356326,9.993852723773943e-05,0.060558525636598956,-4.0801973963329086e-05,0.007314383085466968,0.0,-0.16351599801486733,0.016437151050679853,-0.0284672502487529,-0.238838173,0.0271301
1862.0,0.09813151181021387,0.06200024983190285,0.012239958902708075,0.00010863430529272674,0.06221339931360896,-4.4465416283089334e-05,0.007440029979828342,0.0,-0.16480880192595038,0.01655566625463535,-0.0290062876648636,-0.340729896,0.010553
1863.0,0.0997942072305637,0.06304626373466587,0.012576159490870167,0.00011733859759164943,0.06389864517549393,-4.814168887613569e-05,0.0075655516481599044,0.0,-0.16634000450675754,0.016674181458590853,-0.0295453620510204,-0.053932266,0.000769
1864.0,0.10153857501592456,0.06409123644481705,0.012912268930973372,0.00012604484764655428,0.06444158634030134,-5.182737388743368e-05,0.007690948373378046,0.0,-0.16787123895698214,0.016792696662546354,-0.0300848792243129,0.069128523,-0.0089081
1865.0,0.1033387139691505,0.06530916635663186,0.013248234161155063,0.00013474362871475836,0.06474303978417845,-5.5517898814479974e-05,0.007837099962795824,0.0,-0.16939763879504935,0.016911211866501855,-0.0306251441165033,0.106588832,-0.0167053
1866.0,0.10514475454689459,0.06652567466147209,0.013584106753936894,0.00014344145792228918,0.06483890325844346,-5.921551518543945e-05,0.007983080959376651,0.0,-0.17090070132822263,0.017029727070457353,-0.0311655419370035,0.107047402,-0.0207428
1867.0,0.10698903689338855,0.06756719311900491,0.013920005056745637,0.00015214460650428397,0.06500579370523266,-6.292245253787735e-05,0.008108063174280589,0.0,-0.1724174921712336,0.017148241779975277,-0.0317042003219552,0.107048144,-0.0267456
1868.0,0.1088363012331644,0.0686076577425938,0.014255814939309665,0.00016083728561273173,0.06526954673189503,-6.663159051461462e-05,0.008232918929111255,0.0,-0.1739121840715721,0.017266756983930782,-0.0322412647619738,0.107048144,-0.0133514
1869.0,0.11070737435401069,0.06964709813067184,0.014591532304679062,0.00016949806685725478,0.06553512189823697,-7.033339288324642e-05,0.008357651775680621,0.0,-0.17541641130401364,0.01738527218788628,-0.0327766251889596,0.107048144,0.0110443
1870.0,0.11258628759708224,0.07085878949583184,0.014842961472524435,0.00017817803600624885,0.06580514851505732,-7.40493632520538e-05,0.00850305473949982,0.0,-0.17690960539144776,0.01750378739184178,-0.0333106756428407,0.107048144,0.0128387
1871.0,0.1146715789769817,0.07206929213183759,0.0150101529888551,0.00018690141088456826,0.06615115513631636,-7.77896464599057e-05,0.00864831505582051,0.0,-0.1798718287818876,0.01761410630407911,-0.0338651984105201,0.107048144,0.0276215
1872.0,0.11751116344599954,0.07310553549119014,0.01526152786476233,0.00019562290757435343,0.06645254467779264,-8.153461253142458e-05,0.008772664258942816,0.0,-0.18267774659876435,0.017724425710754017,-0.0345103414747416,0.103250345,0.0196106
1873.0,0.12028838367403116,0.07414056842199127,0.015596956825743228,0.00020434259703793996,0.06684629696054506,-8.528405129877193e-05,0.008896868210638951,0.0,-0.18514447867410988,0.01783474462299135,-0.0351667917291353,0.040076989,0.006665
1874.0,0.12287976112739417,0.07517458021733,0.015932323168861284,0.00021306366519405776,0.06754119309252724,-8.90391147309425e-05,0.0090209496260796,0.0,-0.18739169250512552,0.01794506353522868,-0.0358305046916219,0.103360643,-0.0047211
1875.0,0.12558094159246438,0.07637999472002334,0.016183459743633184,0.00022220382340979548,0.06805367189129673,-9.29797624908555e-05,0.0091655993664028,0.0,-0.189739567818198,0.018055382941903585,-0.03650182519976591,0.107048144,-0.0261688
1876.0,0.1282663114113027,0.07758424776738321,0.016350487415100295,0.00023201537571598954,0.0686400493226818,-9.721546498097477e-05,0.009310109732085984,0.0,-0.1921316924444506,0.01816570185414092,-0.0371804535447202,0.107048144,-0.03591
1877.0,0.13094942794861694,0.07861513176814085,0.0166015808897011,0.00024232957837051194,0.06921257974483504,-0.00010167418138491631,0.009433815812176902,0.0,-0.19442484647363933,0.018276021260815824,-0.037866172366737,0.107048144,-0.0421906
1878.0,0.133625143786097,0.07964480449572921,0.016936735009477868,0.0002531461716454908,0.06979591286993345,-0.00010635643315340839,0.009557376539487504,0.0,-0.19670223782167606,0.018386340173053153,-0.03855920506776,0.107048144,-0.0501801
1879.0,0.1364049630351457,0.08067346987864212,0.01727173850796221,0.00026438384705962235,0.0703936032764619,-0.00011122758232392226,0.009680816385437054,0.0,-0.1990314550104898,0.01849665908529048,-0.0392594028572928,0.10578678,-0.0484711
1880.0,0.13936590380598338,0.08187247576949067,0.017606593085579055,0.0002761264811007322,0.0710152695572743,-0.00011632452073418898,0.00982469709233888,0.0,-0.20141548052377603,0.018606978491965392,-0.039966309248004095,0.083533611,-0.0293518
1881.0,0.14249931482452532,0.08324123158205941,0.017941290149370053,0.00028845478637152893,0.07171708651689997,-0.00012168295123419783,0.009988947789847128,0.0,-0.20488374342551563,0.018751894190358467,-0.0407046552549429,0.083570324,-0.0027771
1882.0,0.14523045578750093,0.08460823679758615,0.018275900744166823,0.00030128431302503035,0.07231122166436059,-0.00012726683601873648,0.010152988415710338,0.0,-0.20808125973864233,0.018896809888751545,-0.0413926964080396,0.105823908,-0.0085236
1883.0,0.14812443461234376,0.08597349720279304,0.01861041812688228,0.00031461797294776093,0.07285833437210826,-0.0001330780177978854,0.010316819664335165,0.0,-0.21147616621213142,0.019041725587144624,-0.0420851225226614,-0.328924388,-0.0126251
1884.0,0.1509384993998317,0.08716654051271751,0.018944925026905264,0.0003285396267191867,0.07498989418768552,-0.00013915367855967198,0.0104599848615261,0.0,-0.21479781167467626,0.019186641285537702,-0.0427816565681089,-1.444016073,0.0192902
1885.0,0.15352768820616303,0.08818797881508217,0.019279462453250986,0.00034313308839406087,0.07699694027738047,-0.0001455311653947761,0.01058255745780986,0.0,-0.21810894612610046,0.01933155698393078,-0.0434817275853168,-0.497720327,-0.000769
1886.0,0.1561524020746669,0.08937855458258737,0.019613833965506713,0.0003583979510449251,0.07764656563519105,-0.00015221113612744482,0.010725426549910483,0.0,-0.22153959879821586,0.019476472682323855,-0.0441839697194025,-0.011093348,-0.0228149
1887.0,0.15892440942456929,0.09073797738096698,0.019864118345463377,0.00037433382309233476,0.07833942450178417,-0.00015919423928771538,0.010888557285716038,0.0,-0.22491240295831608,0.019621388380716937,-0.044885095594777095,-0.088839021,-0.0368927
1888.0,0.16192216456844033,0.09209592659342697,0.02003047850092409,0.00039094032773996575,0.07903228251473596,-0.00016648111296449714,0.011051511191211236,0.0,-0.22834938749740266,0.019766304079110012,-0.04558459476536549,0.064688486,-0.0424042
1889.0,0.16484558177988368,0.0934519115709754,0.02028062595019244,0.0004083012785985777,0.07972513590285235,-0.00017410939045997678,0.011214229388517048,0.0,-0.23162876434554197,0.019911220271940668,-0.04628234914094349,0.10130675,-0.0443695
1890.0,0.16798312368603524,0.09480595366356213,0.020614564843673345,0.0004264162683360022,0.08041799008096266,-0.00018207981182464131,0.011376714439627456,0.0,-0.23503043968027992,0.020056135970333747,-0.04697845803655029,-0.003273267,-0.0396057
1891.0,0.1711501338189383,0.09632734708569983,0.02094828839132655,0.00044528490566447153,0.08131640153642136,-0.00019039310473637885,0.011559281650283979,0.0,-0.23981163177090148,0.02021401483312732,-0.0476728537591098,-0.089086857,-0.0048492
1892.0,0.17435447298591955,0.09801537836748468,0.0212818423473833,0.0004650782840908543,0.08225804061030345,-0.00019912567610905018,0.011761845404098161,0.0,-0.24457267423891543,0.020371893201483315,-0.04838197678229889,0.029406097,0.0237549
1893.0,0.17747613157443326,0.09953251805671796,0.021531605221755082,0.0004857958061681927,0.0825444991129753,-0.00020827843160471876,0.011943902166806155,0.0,-0.2493163754135492,0.020529772064276888,-0.04909247906471479,0.10310735,0.0463562
1894.0,0.18082624364909075,0.10087948025880521,0.02169767983865992,0.000507349603171533,0.08250688496989358,-0.0002178136247112645,0.012105537631056625,0.0,-0.2540455447433565,0.020687650927070457,-0.04982114648654389,0.107048144,0.0736786
1895.0,0.18432755786735794,0.10239290129254831,0.021863612361753524,0.0005298265917642891,0.08260479465860548,-0.00022777074800985558,0.012287148155105797,0.0,-0.2587629867037169,0.020845529789864033,-0.050554423864887794,0.107048144,0.0480865
1896.0,0.18784912748723823,0.1040720758694446,0.02202938843789199,0.0005533945853135117,0.08301894477077346,-0.00023822538748255774,0.012488649104333352,0.0,-0.26347151990907536,0.0210034086526576,-0.05128981759346379,0.107048144,0.012561
1897.0,0.1914792819871025,0.10558081159445822,0.022278961612337653,0.0005779687721062464,0.08362836898405757,-0.00024914123032634483,0.012669697391334986,0.0,-0.268173945896334,0.021161287515451176,-0.05202895010997059,0.107048144,-0.0096771
1898.0,0.19521844859437662,0.10708745671829363,0.022528449088956983,0.0006036327752197627,0.08437250883804887,-0.0002605566978400425,0.012850494806195234,0.0,-0.2728730718542645,0.02131916637824475,-0.052769717615102796,0.107048144,-0.0202728
1899.0,0.19919749447840457,0.10875943770637815,0.022694064188991468,0.0006353709354233285,0.0852223298076259,-0.00027251037156502246,0.013051132524765377,0.0,-0.2775717113890092,0.02147704524103832,-0.053511854548092194,0.107048144,-0.0327911
1900.0,0.20324770123599784,0.11059545380921361,0.02294322729183785,0.0006684587465265599,0.08616918685747185,-0.00028496725130252963,0.013271454457105633,0.0,-0.2822726552471975,0.021634923609394317,-0.054255131442041395,0.107048144,-0.0401398
1901.0,0.20771895040511215,0.11292771286164242,0.02327557165203002,0.0006973380786008864,0.08736977692599884,-0.0002976287769179768,0.01355132554339709,0.0,-0.2888068606135833,0.0218412108776267,-0.05505500345713159,0.107048144,-0.0525726
1902.0,0.21207949538015497,0.11558726945440992,0.023607561865753898,0.0007260765257313377,0.08869384813495237,-0.00031023123144938435,0.013870472334529189,0.0,-0.2953398379788858,0.022047497651421513,-0.05585491013235119,-0.107751243,-0.0496033
1903.0,0.21687506896755826,0.11840609891328183,0.02393928251073928,0.0007547598631223631,0.09079910987830195,-0.00032281147635854413,0.01420873186959382,0.0,-0.3018684271654252,0.022253784919653897,-0.056681781751025596,-0.738254193,-0.0243958
1904.0,0.22150686284271198,0.12138299099765071,0.024270728662655505,0.0007834738797387379,0.09482865396781648,-0.00033540658912430187,0.014565958919718085,0.0,-0.3083894369878438,0.022460071693448706,-0.057533257145889194,-0.312505413,0.0209991
1905.0,0.22647805309604777,0.12435188224957698,0.024602067216304042,0.000813395557548875,0.09621771155446004,-0.0003485438006959293,0.014922225869949237,0.0,-0.31489968066891755,0.022666358961681086,-0.05840922217519609,0.005618172,0.000705
1906.0,0.2318781761064267,0.1273128315490498,0.024933235473611235,0.0008515717728891528,0.09760676769950141,-0.0003653920422717754,0.015277539785885974,0.0,-0.3213959623033831,0.022872645735475896,-0.0593155900663937,0.090620192,0.0341797
1907.0,0.23777368263977341,0.1302655600097322,0.025347793256172934,0.0008969116366483879,0.09788685236283197,-0.00038547395482819145,0.01563186720116786,0.0,-0.32787511434242117,0.02307893300370828,-0.0602301836506123,0.063998362,0.0153809
1908.0,0.24315436001561372,0.13337357294089494,0.025845487167322424,0.000942289309393684,0.09864870007943194,-0.0004055877644189018,0.01600482875290739,0.0,-0.334333936701,0.023285219777503093,-0.0611534821388465,0.091417906,0.0271942
1909.0,0.24878850254990842,0.136635904514391,0.026342801855577726,0.0009877067904878285,0.09945024415108324,-0.00042573198150183385,0.01639630854172692,0.0,-0.3407692248067854,0.023491507045735476,-0.062083568470918796,0.106263618,0.0043152
1910.0,0.2545779210998423,0.13972619150826568,0.026840020088233912,0.0010330820079697154,0.10037559292759664,-0.0004458671689976707,0.01676714298099188,0.0,-0.34717780911137497,0.02369779381953029,-0.0630188932161529,0.107048144,-0.0128387
1911.0,0.25995860832611317,0.1426458325079094,0.02733714262002085,0.001080262884089275,0.10083930516833244,-0.00046682810230360116,0.01711749990094913,0.0,-0.34772011335438063,0.02370804252163164,-0.0639051889667074,0.107048144,-0.0374908
1912.0,0.2653657851793328,0.1457191411760619,0.02791724524365412,0.0011467843518729135,0.1014787592387189,-0.0004965729786017883,0.017486296941127428,0.0,-0.3482546239783948,0.02371829122373301,-0.06475615822809899,-0.422077406,-0.0469971
1913.0,0.27085426288074094,0.1491064384055073,0.028496745444089564,0.001226524243726834,0.10415167860153562,-0.0005323615520551606,0.017892772608660876,0.0,-0.3487833609121958,0.023728539925834367,-0.06557882967858429,-0.322233014,-0.0448608
1914.0,0.2752946456987105,0.15264459452214682,0.028992499470562365,0.0012758682082339918,0.10613248586856501,-0.0005543518015370971,0.018317351342657617,0.0,-0.3493083188574931,0.02373878862793572,-0.0663921838012771,-0.051338285,-0.0261688
1915.0,0.2797181875251479,0.15617127651806065,0.029571236165612462,0.0012990978909530018,0.10676879653953351,-0.0005644404419583568,0.018740553182167278,0.0,-0.3498315025152232,0.02374903733003708,-0.0671952492591367,0.085537037,0.0281342
1916.0,0.28480572615253413,0.15968652393294525,0.03023284606790507,0.0013450311861095577,0.10674216706057399,-0.0005848624242620735,0.019162382871953428,0.0,-0.3503549281787633,0.02375928603213844,-0.06800100792056389,0.106718571,0.0722046
1917.0,0.2902877439943799,0.16319040181686376,0.03097721421341222,0.001423400997803568,0.10669234083745774,-0.0006200962297364564,0.01958284821802365,0.0,-0.3508806119518797,0.02376953522867738,-0.06881027107837089,0.107046622,0.1008942
1918.0,0.2954962418848059,0.16684166544053763,0.03180401793516138,0.0015116486686221435,0.10680045480986962,-0.0006598843057818619,0.020020999852864516,0.0,-0.35141054890090945,0.02377978393077874,-0.06962307076416119,0.107048144,0.1067474
1919.0,0.2996360819434372,0.170639747356253,0.032547089068068365,0.001599963895173204,0.10711735104384826,-0.00069974607409292,0.02047676968275036,0.0,-0.3519467544697901,0.023790032632880095,-0.07044195825248269,0.107048144,0.0613312
1920.0,0.3050257915627683,0.17426748401518846,0.03328977190026312,0.0016885153866394813,0.10768543205765865,-0.0007397535067040386,0.020912098081822615,0.0,-0.35249124608942667,0.023800281334981462,-0.07126269939775089,0.107048144,0.0193756
1921.0,0.30944137176205044,0.17772604559404254,0.03411518528732137,0.0017773067840984318,0.10900087399997667,-0.0007799034323741326,0.021327125471285104,0.0,-0.3574911035082471,0.02372664672435105,-0.0721245561841038,0.104616294,-0.0069
1922.0,0.31419982873089763,0.1813312407218209,0.034856882220980254,0.0018680627795881852,0.11049063109174632,-0.0008196915168589146,0.02175974888661851,0.0,-0.36249798708440195,0.023653012608158223,-0.0729756306548048,0.062133472,-0.0309753
1923.0,0.31995944510311564,0.1850817229390107,0.03551493244334617,0.0019622320074807074,0.11224553077322787,-0.0008595391597119251,0.022209806752681284,0.0,-0.3675091704792839,0.02357937849196539,-0.0738327897533239,0.081676341,-0.0365723
1924.0,0.3253957323532378,0.18881994009181602,0.03617258871437362,0.0020580237302036727,0.11391045115794655,-0.000899831386873684,0.022658392811017922,0.0,-0.37252186013269073,0.02350574388133498,-0.07469401385007901,0.105850579,-0.0260834
1925.0,0.3308211257232854,0.19254602230523613,0.03682983403536746,0.002161814386151892,0.11543916781323245,-0.0009436724742405661,0.023105522676628333,0.0,-0.37753332513142046,0.023432109765142154,-0.0755566352302385,0.107048144,0.0030975
1926.0,0.33624853306506647,0.19625954278489235,0.03756942457809568,0.002273626569997303,0.11687659710937627,-0.0009910742431300378,0.02355114513418708,0.0,-0.3825407948015891,0.023358475648949318,-0.07642311942833879,0.107048144,0.0418488
1927.0,0.34254570550786717,0.19996111485233967,0.03830845801808602,0.002385936377741491,0.11821795625034848,-0.0010385445530746783,0.023995333782280758,0.0,-0.38754151738110354,0.02328484103831891,-0.0773302257987675,0.106335933,0.0742981
1928.0,0.3486263036277841,0.20365187333875598,0.038881579881179754,0.0024987732463644967,0.11950675791252813,-0.001086081898902331,0.024438224800650717,0.0,-0.39253272008578055,0.023211206922126082,-0.0782401638994924,0.090729592,0.053064
1929.0,0.35541265491668844,0.20717768739578574,0.03945456463986228,0.002613003402933339,0.12092593055998171,-0.0011340738872878335,0.024861322487494286,0.0,-0.39751167286068795,0.02313757280593325,-0.0791780424340113,0.044540134,0.0423187
1930.0,0.3617214468994307,0.2105400488301576,0.04002743634372799,0.0027332297973754658,0.12249533392046824,-0.0011821269354403575,0.02526480585961891,0.0,-0.4024755810055466,0.023063938195302842,-0.08019745504273881,0.103628922,0.0427246
1931.0,0.36705818302749327,0.21389326403207987,0.04051748937585852,0.0028544221914242416,0.12362746606008096,-0.0012298856914940057,0.025667191683849584,0.0,-0.40724402362498024,0.023075878368356,-0.0812253575284086,0.103756692,0.0117279
1932.0,0.37098775806065737,0.2172362918385353,0.04108999316586166,0.002974585093779181,0.12487966664254584,-0.0012789137123158558,0.026068355020624233,0.0,-0.4119954177007133,0.02308781854140915,-0.0821495813374119,0.047391549,-0.0107025
1933.0,0.37558015886354906,0.22056920098637975,0.04174459520715618,0.003120659919045882,0.1263752419348102,-0.0013397688562640324,0.02646830411836557,0.0,-0.41673389642921366,0.023099758714462303,-0.08306966609429801,0.093740732,-0.0203796
1934.0,0.38076385717323336,0.22374152846222248,0.0423989986445148,0.0032914981448136293,0.12766277067555512,-0.001411372455817891,0.026848983415466696,0.0,-0.42146353235415457,0.023111698393077872,-0.0839764080326964,0.106517326,-0.0096344
1935.0,0.38625712873881,0.22675457501905436,0.043053253943851545,0.0034652093806679988,0.1288170192561314,-0.001483175607600904,0.027210549002286522,0.0,-0.4261884253378705,0.023123638566131026,-0.0848807071374639,0.107048144,0.0266815
1936.0,0.3925074242240868,0.22975986043129296,0.043707008955452986,0.0036419502398876316,0.1298609201117558,-0.0015551934644827392,0.027571183251755154,0.0,-0.43091268032674224,0.023135578739184176,-0.0857924983148116,0.107048144,0.1057007
1937.0,0.3989843718930019,0.23275806240230315,0.044278031538191306,0.003823800654747271,0.13069270564336427,-0.0016275131760495165,0.02793096748827638,0.0,-0.4356403990868958,0.023147518912237333,-0.0866797100326794,0.107048144,0.1104431
1938.0,0.4047188367886536,0.23574923339708248,0.04476646776334327,0.004014214287028662,0.13158450714143513,-0.0017003955533649265,0.028289908007649897,0.0,-0.4403756511546647,0.023159458590852902,-0.0875694059919952,0.107048144,0.0959595
1939.0,0.410838986986187,0.23873282831590892,0.045254617741912286,0.004215664424514155,0.13258045026862772,-0.001773929714633071,0.028647939397909068,0.0,-0.44512256892436675,0.02317139876390606,-0.0884563272520616,0.107048144,0.0921143
1940.0,0.41760773650248045,0.24185769243710323,0.045742228121322746,0.004436693867653464,0.13366733353079066,-0.0018515935142874322,0.029022923092452385,0.0,-0.4498852122914616,0.023183338936959213,-0.0893288981375609,0.107048144,0.0655609
1941.0,0.4242726701314599,0.24512208148081271,0.04631155158682872,0.004681086177019314,0.13669028374001163,-0.0019346556006677295,0.029414649777697525,0.0,-0.45478875033063093,0.023205156983930778,-0.0901827304894971,0.107048144,0.0438354
1942.0,0.43097759676729797,0.24822887354508372,0.04696301879421895,0.004943060938319412,0.13972738972954168,-0.002020000443964125,0.029787464825410045,0.0,-0.45972731603142347,0.023226975525339928,-0.0910578244526301,0.107048144,0.0182861
1943.0,0.43787054329462505,0.2511799025011182,0.04761433852427409,0.005221675611282337,0.14277722578840224,-0.0021062719198436225,0.030141588300134185,0.0,-0.4646982343288459,0.02324879406674907,-0.09192690569121409,0.107048144,-0.0072418
1944.0,0.4445427047110679,0.2542701915527853,0.04834714739509795,0.005523041009844983,0.14591422022005224,-0.002193411430289954,0.030512422986334234,0.0,-0.4696987899056541,0.023270612113720637,-0.0928012588196837,0.107048144,0.0002136
1945.0,0.4493104886949328,0.2574986143243764,0.049161475652035394,0.005874345060595486,0.14903447013535456,-0.002283381831563963,0.030899833718925164,0.0,-0.47472628241589143,0.02329243065512979,-0.0936764639432908,0.107048144,0.0485352
1946.0,0.4556216903990964,0.2608647018230687,0.049974822214131215,0.006334369028128116,0.15203934955798987,-0.0023816848282318718,0.031303764218768244,0.0,-0.479777991020956,0.02331424919653894,-0.0946347367778696,0.107048144,0.0712433
1947.0,0.46324941014011417,0.2645132759649115,0.050786882903729166,0.006955733808277429,0.15507635265781136,-0.0025010610721947187,0.03174159311578938,0.0,-0.48485123769428207,0.023336067243510505,-0.0956249058297962,0.107048144,0.1339844
1948.0,0.47116468851336873,0.2682962550496219,0.05159801767354286,0.007703578694775149,0.15799970590391466,-0.002638393623332398,0.03219555060595463,0.0,-0.4899433006479197,0.023357885784919655,-0.0966207080061678,0.107048144,0.1554962
1949.0,0.4784252263412087,0.27221235141294814,0.05240834003361174,0.008532963692236877,0.16096087751792834,-0.0027891023384545898,0.032665482169553776,0.0,-0.4950514707242556,0.023379704326328805,-0.0976244708268427,0.107048144,0.1342194
1950.0,0.48736316125247336,0.2764055770828899,0.05313546034410257,0.00941666491256947,0.16412150439219894,-0.002938475466503467,0.03316866924994678,0.0,-0.5001730635215131,0.023401522373300378,-0.09863984950173119,0.107048144,0.0885895
1951.0,0.49849829524348793,0.2808730805871108,0.05377934220768471,0.010308519529706116,0.16887386933980011,-0.003072539117545304,0.03370476967045329,0.0,-0.5205718589737387,0.023601125339925835,-0.09987846563832019,0.107048144,0.0280273
1952.0,0.5091753344370811,0.2857538486496674,0.05450368285224672,0.011248759532540254,0.17393719249259143,-0.0032481455858463437,0.034290461837960085,0.0,-0.5409467757432234,0.023800728306551295,-0.1011411113945622,0.107048144,0.0252716
1953.0,0.5196525654598749,0.29104289780120807,0.05530825751682703,0.012311291412064614,0.17911725651622185,-0.0034943395291645416,0.03492514773614497,0.0,-0.5612894500319277,0.024000331273176762,-0.10239793035748118,0.107048144,0.0074554
1954.0,0.530315595273236,0.29645201212260236,0.05603010807540335,0.013518516273211779,0.1843693429273432,-0.0037859813075897574,0.03557424145471228,0.0,-0.5815914836038445,0.024199934239802226,-0.10370894076270519,0.107048144,0.0075836
1955.0,0.5423253160113576,0.30197885095588517,0.0567508628959911,0.014879396195884183,0.1896382263482144,-0.0041175512978912435,0.03623746211470622,0.0,-0.6018443443099133,0.02439953720642769,-0.1050643788313002,0.107048144,0.0448822
1956.0,0.5552273573519408,0.30776190479954657,0.05755180232116987,0.016429037721100243,0.19486857340307376,-0.004490257235474743,0.036931428575945585,0.0,-0.6220394828095988,0.02459914017305315,-0.10648069720098718,0.107048144,0.1268921
1957.0,0.5684469920563366,0.3137991391031326,0.05826983847956979,0.01818105153680666,0.1999661586779513,-0.004902212497683782,0.037655896692375915,0.0,-0.6421682327025957,0.024798743139678617,-0.10792794740348918,0.107048144,0.2038605
1958.0,0.5819923737396265,0.31994652650359434,0.058986798206625404,0.020055563463234595,0.20495390219264223,-0.005337606111738664,0.03839358318043132,0.0,-0.6622218881230092,0.02499834610630408,-0.10942948622410219,0.107048144,0.2141571
1959.0,0.5951640756332132,0.32620067760228355,0.05986559067195105,0.02203867533677883,0.21004140399319832,-0.005792435723474478,0.03914408131227402,0.0,-0.682191646033043,0.02519794907292954,-0.11079904573517518,0.107048144,0.1712616
1960.0,0.6087788808428874,0.3326987881645282,0.0608240151666007,0.02427705519649673,0.2153912309146481,-0.0062860736898429906,0.03992385457974338,0.0,-0.7020686886928706,0.025397552039555012,-0.11215573297941218,0.107048144,0.1409912
1961.0,0.6224794418496563,0.3394387235957927,0.061699433068517794,0.026855140705870365,0.2222540388175756,-0.006826120048684218,0.04073264683149512,0.0,-0.7232031521440452,0.025609887268232392,-0.11357163431241417,0.103613625,0.0751953
1962.0,0.6364839500296219,0.34641661737828316,0.06249200521409715,0.029814669538865492,0.22937510063845273,-0.00742103565113782,0.041569994085393976,0.0,-0.744280278328848,0.025822222496909762,-0.11497757899412717,0.045381677,0.0292023
1963.0,0.6511835764059343,0.3534899200479944,0.06344556802854374,0.03325798461276802,0.23676089259319014,-0.008076478877797165,0.04241879040575933,0.0,-0.765297905441205,0.026034557725587142,-0.11639344949031016,-0.870695639,0.0135223
1964.0,0.6660278180237105,0.36065586007534506,0.06464074158201885,0.03722806956879226,0.24662004389140227,-0.008789233919194995,0.043278703209041404,0.0,-0.7862537777064649,0.026246892954264522,-0.11781761884584117,-0.627989251,0.0062592
1965.0,0.6812257481543328,0.3680488167492528,0.06591453705115487,0.04170053867481023,0.2554500293877264,-0.00956437431559485,0.04416585800991034,0.0,-0.8071455979729127,0.026459228182941906,-0.11925620287810317,-0.338100057,0.0102325
1966.0,0.6973395826111923,0.3755321240956001,0.06718609114502691,0.04667861766659298,0.26307962031850146,-0.01041751048226537,0.04506385489147201,0.0,-0.8279709885895115,0.026671563411619286,-0.12072828752985518,0.061711846,0.0451385
1967.0,0.7139250129603301,0.38310410164802466,0.06845542513217713,0.05224497770635588,0.2693085487761478,-0.011368743201185076,0.045972492197762956,0.0,-0.848727518376897,0.026883898640296666,-0.12220484249626118,0.014790623,0.0891022
1968.0,0.7309649594718569,0.3908939895734369,0.06980285227930504,0.058473734922851524,0.275854998276134,-0.012418362100549377,0.046907278748812425,0.0,-0.8694126929517119,0.027096233868974043,-0.12361036741035318,0.047390727,0.1118744
1969.0,0.7492290274306459,0.39889660397918075,0.0713085857566692,0.06540445761985507,0.28249257286594076,-0.013564226337729276,0.04786759247750169,0.0,-0.8900239597935891,0.027308569097651423,-0.12501951661788419,0.078182428,0.1157837
1970.0,0.7686874331103546,0.40697850944104624,0.07289188122549796,0.07301508288727873,0.289233295457224,-0.014785468243604511,0.048837421132925544,0.0,-0.9105587295401041,0.027520904326328807,-0.12638169941566518,0.077020135,0.1180695
1971.0,0.7876353647566882,0.41500960041636326,0.0744727005371899,0.081258154135163,0.2965928330306686,-0.016090523336365174,0.04980115204996359,0.0,-0.9158567467008302,0.02820208899876391,-0.12760025591702218,0.015789762,0.0794037
1972.0,0.8071347452166496,0.4231182618539175,0.07613071934981996,0.0902597281256091,0.3043033511226042,-0.017547746211291577,0.0507741914224701,0.0,-0.9212025543552791,0.02888327367119901,-0.1287916974099912,-0.25439854,0.0767761
1973.0,0.8275303037945366,0.4313016867352195,0.07794580637994729,0.100263038204826,0.3127206760983199,-0.019211546772433075,0.05175620240822634,0.0,-0.9265777043111487,0.029564458343634116,-0.12996725008973417,0.085593129,0.0373413
1974.0,0.8474505857935084,0.43943224979898193,0.07983784484945577,0.11122026424958677,0.32020273281946815,-0.021059902555929388,0.05273186997587783,0.0,-0.9319637094958689,0.03024564301606922,-0.1311492186484532,-0.025188256,0.0180298
1975.0,0.8666080229560692,0.44751186505696905,0.08172659017756435,0.12239048103539807,0.3280431430553703,-0.022923896507664843,0.05370142380683628,0.0,-0.9373421065980039,0.030926827688504327,-0.13232305186261717,-0.231640533,0.0184143
1976.0,0.8877638231784555,0.455538940608778,0.08377123561488199,0.13342125747615888,0.33634073069063425,-0.024822675689076912,0.054664672873053356,0.0,-0.9426944453225337,0.03160801236093943,-0.1335640434583702,-0.004037932,0.0120697
1977.0,0.909407106413838,0.463638381730798,0.08600283131026132,0.14440037608525996,0.3439910369381476,-0.026873482506897698,0.05563660580769576,0.0,-0.9480022483606025,0.03228919703337454,-0.13480888078095618,0.067292986,0.0530853
1978.0,0.9310820558144577,0.4718108371168508,0.0882692920073287,0.15560686942772306,0.3514334336682585,-0.0291654979794185,0.05661730045402209,0.0,-0.9532470383552388,0.03297038170580965,-0.1360496019002562,0.088393254,0.11604
1979.0,0.9542916733308352,0.4799354505538711,0.09032404904621849,0.16596257542118012,0.3587704079939104,-0.031266965773980984,0.05759225406646453,0.0,-0.9584103538013631,0.03365156637824475,-0.1372611278344592,0.07931572,0.1693817
1980.0,0.9762209964357759,0.48850042277633454,0.09232540422150023,0.17593057280453786,0.3663012835691945,-0.033119477665400215,0.058620050733160144,0.0,-0.9634737210435874,0.03433275105067986,-0.13842770358620318,0.041147869,0.1585937
1981.0,0.9968056910877007,0.4977294510470218,0.09493817359679245,0.18606805772628196,0.372709787625533,-0.034913804242957244,0.05972753412564261,0.0,-0.9668324449741643,0.03471448603213844,-0.1396166417211722,0.013359211,0.162439
1982.0,1.0180936791166406,0.5071332760605415,0.0976701087682422,0.19552752878868607,0.3793118074171417,-0.03649100946872077,0.06085599312726497,0.0,-0.9702082700835473,0.03509622101359704,-0.1409711922355672,-0.302023072,0.1025177
1983.0,1.0389346287691872,0.5165249973700125,0.09985848446493537,0.20535722303222387,0.3866900908855048,-0.038175596381320946,0.06198299968440149,0.0,-0.9735786198432488,0.035477955500618046,-0.1423656993021562,-0.699730832,0.1006805
1984.0,1.0605789447749245,0.5250304991933973,0.10168320487516407,0.2160562162683466,0.3944395800259907,-0.040054589952540444,0.06300365990320766,0.0,-0.9769208803776381,0.035859690482076635,-0.1437995354883932,-0.270889264,0.0306976
1985.0,1.0830060153944745,0.5317837687157767,0.10381956635676019,0.22663747300100182,0.40054798529193847,-0.04185448822651298,0.0638140522458932,0.0,-0.9802124271789469,0.03624142496909766,-0.1452507376966542,-0.064998608,0.0073914
1986.0,1.106362955045097,0.5376322155027319,0.10594030094822282,0.23804073724009525,0.4059000292202198,-0.04371627483883702,0.06451586586032783,0.0,-0.9834306840366617,0.03662315995055624,-0.14671543232180118,-0.063599048,0.0101685
1987.0,1.1303280099776825,0.5431473708214741,0.10744619217665614,0.2508593097017321,0.41117029556414386,-0.045919515476011315,0.06517768449857689,0.0,-0.9865530128828468,0.03700489493201484,-0.1481878717676552,0.002925368,0.0250153
1988.0,1.1555277734729776,0.5481951470416305,0.11033983658730928,0.26367848971229424,0.41616959129776426,-0.04819239018296589,0.06578341764499566,0.0,-0.9895568355972217,0.037386629419035845,-0.1496861597503272,0.049410816,0.0869019
1989.0,1.1811763423043786,0.5529817728477635,0.1144176056087462,0.27509333374414424,0.42096269507285555,-0.050111751411514964,0.06635781274173162,0.0,-0.9924195208257127,0.03776836440049444,-0.1511923205663312,0.080480218,0.1710693
1990.0,1.2068181400326505,0.5576580510970972,0.11743917061925355,0.28547672179575984,0.42562923833108174,-0.05198926128352697,0.06691896613165166,0.0,-0.9951184885222801,0.03815009888751545,-0.1526937474185682,0.075823551,0.1560089
1991.0,1.233186735979916,0.5623506655910032,0.119362751907299,0.2944516769927867,0.42631286187354933,-0.05354316370739505,0.06748207987092038,0.0,-0.9852517554811853,0.03819407564894932,-0.15426515063697918,-0.640611593,0.1535522
1992.0,1.2570553912383788,0.566016043541705,0.12086156391582588,0.3011796018810747,0.42783456015812377,-0.0544475094843948,0.06792192522500459,0.0,-0.9753455368409845,0.03823805191594562,-0.1557484248438352,-1.696494821,0.1251404
1993.0,1.2793663501061638,0.5680613705583653,0.1223217898604135,0.3060780136432329,0.43052623634383125,-0.05485234826612897,0.06816736446700383,0.0,-0.9654351367459822,0.038282028677379475,-0.15722552053556918,-0.806261335,0.0578705
1994.0,1.3023380169042595,0.5702075435799423,0.12393506974607112,0.3093728629107119,0.43124188681938325,-0.05464952980882372,0.06842490522959307,0.0,-0.9555558537605293,0.038326004944375776,-0.1586929384728532,-0.11915395,0.0179016
1995.0,1.3265000062255548,0.5726228621607189,0.12606465087528163,0.312394184524293,0.43068665307551424,-0.0537742738721323,0.06871474345928627,0.0,-0.9457429961523729,0.038369981705809644,-0.16014376005690922,0.028814301,0.0101044
1996.0,1.351602467155184,0.5742596127590316,0.12838175554992076,0.31493835003961657,0.4298080185527778,-0.05258775908095106,0.06891115353108379,0.0,-0.936344539784152,0.03841395797280593,-0.1615673770806342,0.084261714,-0.0067505
1997.0,1.3771667285087728,0.576422754242077,0.13056800921912642,0.3166720197564246,0.4292937469534696,-0.05178372527562018,0.06917073050904923,0.0,-0.9275853802027144,0.0384579347342398,-0.1629534860638672,0.10356097,0.0155731
1998.0,1.40236186760297,0.5799899491754527,0.13292759061948664,0.31838491897392884,0.42943471700135377,-0.0511019438382017,0.06959879390105432,0.0,-0.9193161855051902,0.038501911001236094,-0.16433584387892622,0.106952799,0.0796387
1999.0,1.4271802851973239,0.5829297047231481,0.13514065001618403,0.32020251012547896,0.4293972317723688,-0.04998729076652036,0.06995156456677777,0.0,-0.9113876040900408,0.03854588776266997,-0.1656817278817142,0.109239948,0.1269348
2000.0,1.4538226905911722,0.5845144171434798,0.13649789544689803,0.3227726669697294,0.46021882343998166,-0.049350653337750974,0.07014173005721758,0.0,-0.9095295520124843,0.036872187886279356,-0.16703558325341875,0.11025257,0.1612427
2001.0,1.4790202297449353,0.5858274126352436,0.13755560719902096,0.3255443761799902,0.46044088383464643,-0.049391285524100235,0.07029928951622923,0.0,-0.9120440604509149,0.03753671199011125,-0.16811949113622027,0.106849425,0.1470367
2002.0,1.5058043240710322,0.5882536245704786,0.139028174437443,0.327305737485255,0.47610461147081534,-0.04901867164124133,0.07059043494845743,0.0,-0.9522831074092603,0.03978491965389369,-0.16932606971245512,0.11212285,0.1547913
2003.0,1.5332634651210952,0.5916989906281579,0.14058956456420962,0.32887952137865295,0.4778734234723683,-0.048365139036218176,0.07100387887537894,0.0,-0.9729853936273388,0.04075006180469716,-0.17034150429643088,0.100710033,0.0708588
2004.0,1.5636474295204235,0.5947078188992635,0.14195339478442373,0.33060057486366157,0.4888894755015549,-0.0477121996550599,0.07136493826791161,0.0,-0.9880489337883138,0.04223733003708282,-0.1715115258499127,0.108167098,0.0337738
2005.0,1.5948760003973006,0.5976329773241802,0.14348977174219513,0.3324054407843398,0.49613483131125646,-0.04711474294420317,0.07171595727890162,0.0,-1.0123016893416863,0.04370877626699629,-0.17266739758762936,0.081870876,-0.0025421
2006.0,1.6273251583349506,0.6016374346315356,0.1450894877360134,0.3342588266939878,0.5082463557902316,-0.04660349600965188,0.07219649215578428,0.0,-1.0332596161585297,0.04413152039555006,-0.17389875756240664,0.058511912,-0.0107452
2007.0,1.6600591341596684,0.6059016365214093,0.14664174860279128,0.33606793663050444,0.5116535794824905,-0.04595753792264533,0.0727081963825691,0.0,-1.0180209727451435,0.045906056860321384,-0.17498763525715966,0.060638887,-0.0265533
2008.0,1.6903584722557892,0.6100343567093204,0.14810857184460854,0.33775566739171947,0.5086805718752911,-0.04513414460701336,0.07320412280511844,0.0,-0.9957684832447182,0.04495377008652658,-0.1757408231001839,0.066893857,-0.02995
2009.0,1.719897976305822,0.6144509502506059,0.14959427215056914,0.3394850322524739,0.5037222303393579,-0.04438317685511891,0.07373411403007271,0.0,-0.970966285278199,0.045040791100123614,-0.17659152196591268,0.042865413,-0.0300781
2010.0,1.7525000175041618,0.6192146674879679,0.15108243726270884,0.3412097667389636,0.5139860583237386,-0.04377923199609072,0.07430576009855615,0.0,-0.9817748367623977,0.04778788627935724,-0.17758900249020812,0.074655969,0.0003845
2011.0,1.7864456041515064,0.6241345238492491,0.1525345660089632,0.3430724845627941,0.516335765460647,-0.043292974433179726,0.07489614286190989,0.0,-0.9766222233540429,0.0468672435105068,-0.17861865147317174,0.042925009,0.0471039
2012.0,1.8208777294032843,0.6293036680942158,0.1539801997261749,0.34505228408806093,0.5225216508802144,-0.04274751686623077,0.07551644017130589,0.0,-0.9904047197232171,0.04798665018541409,-0.17971257586368994,0.078263883,0.0671417
2013.0,1.856075046673383,0.6346155175223726,0.15546953948716843,0.3466761062150666,0.514644596228099,-0.04208494677072156,0.0761538621026847,0.0,-0.9669391785435624,0.04727070457354759,-0.18074786201515966,0.094388578,0.0781647
2014.0,1.892136206357645,0.6399078534715165,0.15699553344156494,0.3479951838707373,0.5243611667320435,-0.04161498203430742,0.07678894241658198,0.0,-0.9861614612916374,0.04817997527812114,-0.1819827402229248,0.073187166,0.091452
2015.0,1.9267031759990925,0.6451363226015842,0.158533970518202,0.3492011095129682,0.5220732414374106,-0.041311738131266984,0.07741635871219009,0.0,-0.9111085374250787,0.04809592088998764,-0.1830644861147263,0.0,0.0509918
2016.0,1.9591082982725823,0.6485525838458405,0.16006218681783585,0.3502473223233182,0.5164735995135983,-0.04088463323851623,0.07782631006150086,0.0,-0.8774342938086321,0.04600791100123609,-0.18392080102630912,0.0,0.0006409
2017.0,1.989614823022268,0.6490643005709266,0.1615668195236858,0.3511321565954016,0.5097537126203938,-0.0403286083723459,0.07788771606851118,0.0,-0.8433847049052663,0.043919901112484554,-0.1845516849565353,0.0,-0.0129242
2018.0,2.018431344429883,0.6469713447679781,0.16304650927747544,0.35190441043219717,0.5019997151359458,-0.03972323875927013,0.07763656137215737,0.0,-0.8089419889057954,0.04183189122373301,-0.1849571379054048,0.0,-0.0184784
2019.0,2.045704507566106,0.6425295026271908,0.16450003701923416,0.35258609312970385,0.49331564403068345,-0.039096799944972165,0.07710354031526288,0.0,-0.7740870696068352,0.039743881334981454,-0.18513715987291773,0.0,-0.0194183
2020.0,2.0715387647469714,0.6359578167871004,0.16592630934243363,0.3531890848165552,0.483797316862648,-0.03845927520209259,0.07631493801445205,0.0,-0.7387994478174565,0.037655871446229915,-0.18509175085907403,0.0,-0.012326
2021.0,2.0977443500900175,0.6289522081349277,0.16734374537580002,0.35359838436337093,0.4779132220692835,-0.03781691632124652,0.07547426497619132,0.0,-0.7300205782495203,0.03735683559950556,-0.18501876676629542,0.0,0.0374695
2022.0,2.12420186747612,0.6230618277441966,0.16877233492141813,0.3537105369583032,0.4724613972368081,-0.03717276925439557,0.07476741932930359,0.0,-0.7212149282458633,0.037057799752781215,-0.18491820759571978,0.0,0.0917725
2023.0,2.150846082710953,0.6181829472397715,0.17021266734744483,0.3535558299227017,0.46739814865467993,-0.036526151445867384,0.07418195366877257,0.0,-0.71238216750391,0.03675876390605687,-0.18479007334734715,0.0,0.1228973
2024.0,2.1776126127897295,0.6142200598691074,0.17166525737711183,0.3531611972401802,0.4627018996036364,-0.03587705417190305,0.07370640718429289,0.0,-0.7035219596196169,0.036459728059332515,-0.1846343640200396,0.0,0.1355011
2025.0,2.2044433901710123,0.6110854742617429,0.17313055000400984,0.35255081044532405,0.4583463420818506,-0.03522561856901675,0.07333025691140914,0.0,-0.6946339618405631,0.03616069221260816,-0.184451079614935,0.0,0.1052734
2026.0,2.231194751758481,0.6086893735409177,0.17460914236055358,0.35174376668998736,0.4543160384755544,-0.03457201763427643,0.07304272482491012,0.0,-0.6857178249698215,0.0358616563658838,-0.18423831015522116,0.0,0.0707092
2027.0,2.2578241528470158,0.6069497965773688,0.1761015218501856,0.35075725350808823,0.4505705143925761,-0.03391643164145245,0.07283397558928426,0.0,-0.6767731931714609,0.035562620519159455,-0.18399605563976013,0.0,0.0361664
2028.0,2.2843072832656737,0.6058016495922001,0.17760794183971512,0.34960945704576346,0.4470759898256693,-0.033259042544062506,0.07269619795106401,0.0,-0.6677997038642145,0.03526358467243511,-0.18372431606968986,0.0,0.0220886
2029.0,2.310650509842545,0.6051857108767212,0.1791285969573386,0.34831686268155027,0.44379208270463427,-0.032600031464175776,0.07262228530520655,0.0,-0.6587969874541435,0.034964548825710755,-0.18342309144387242,0.0,-0.0010254
2030.0,2.336851800432088,0.6050481912369099,0.18066364720752268,0.3468944268692306,0.4407015121419929,-0.031939576598163516,0.07260578294842919,0.0,-0.6497646672017414,0.03466551297898641,-0.18309238176344572,0.0,-0.0135437
2031.0,2.362517250317688,0.6051246750236781,0.18220780069189535,0.34534264883135324,0.438768963728831,-0.03131475354558858,0.07261496100284136,0.0,-0.6438062762669778,0.03439367119901112,-0.18277195350063077,0.0,-0.0257843
2032.0,2.387696210096909,0.6051776335721694,0.1837554577388172,0.34365225690480594,0.4368291782858642,-0.030740647438941223,0.07262131602866032,0.0,-0.6378308443458672,0.03412182941903585,-0.18246180665656556,0.0,-0.0230499
2033.0,2.4124368030557943,0.6052094620624224,0.18530653802377206,0.34182311752721,0.43487540537938585,-0.030187809060795098,0.07262513544749069,0.0,-0.6318382041198614,0.033849987639060566,-0.1821619412301121,0.0,0.0067719
2034.0,2.4367973961027234,0.6052223104558418,0.18686095625184132,0.3398618740871364,0.43289670308409056,-0.02964597444818119,0.07262667725470102,0.0,-0.6258281857661423,0.03357814585908529,-0.1818723572224083,0.0,0.0589813
2035.0,2.4608369911491783,0.6052181087180805,0.18841862708079676,0.3377770875237135,0.4308880457099917,-0.029111472496882975,0.07262617304616965,0.0,-0.6198006169630481,0.03330630407911001,-0.18159305463231634,0.0,0.0651337
2036.0,2.4845877962386886,0.6052132497047314,0.18997978840665122,0.3355846410012503,0.42888543849621286,-0.02858292496055555,0.07262558996456778,0.0,-0.6137553227618544,0.03303446229913474,-0.18131971603208255,0.0,0.0890381
2037.0,2.508062220657952,0.6052224495348267,0.1915446948869246,0.3332995150824957,0.4268853695032678,-0.02805975977710252,0.0726266939441792,0.0,-0.6076921256324282,0.03276262051915946,-0.18105234142284485,0.0,0.0644928
2038.0,2.5312279671431908,0.6052442605425766,0.19311332757458852,0.3309285186111256,0.42491118349229884,-0.027541691460863753,0.07262931126510919,0.0,-0.601610845363634,0.032490778739184184,-0.18079093080346534,0.0,0.0644287
2039.0,2.5540870470367314,0.605277382501143,0.194685647640214,0.3284779381139257,0.4229464136647199,-0.027028537818357002,0.07263328590013717,0.0,-0.5955112989507433,0.0322189369592089,-0.180535484173944,0.0,0.030954
2040.0,2.576614645667861,0.6053206476615364,0.19626163196630977,0.3259535595696479,0.42100457109095063,-0.026520154828420853,0.07263847771938436,0.0,-0.5893933006953493,0.03194709517923362,-0.18028600153428084,0.0,-0.0007904
2041.0,2.598636051912895,0.6055129165052353,0.19784876384488184,0.3234129074414463,0.41975820280729087,-0.02601981736917274,0.07266154998062824,0.0,-0.5847830543251744,0.031669270704573545,-0.18004517985901095,0.0,-0.0285187
2042.0,2.6201635478367016,0.6059787276384678,0.1994544112519563,0.3209091189836055,0.4186270854835993,-0.025530995242281286,0.07271744731661614,0.0,-0.580159208001543,0.031391446229913474,-0.17981301914813433,0.0,-0.0362091
2043.0,2.641225367532446,0.6066898201503731,0.20107854001350411,0.31843897422246076,0.41758980078323416,-0.025053637440565366,0.07280277841804476,0.0,-0.5755216424934082,0.031113621755253403,-0.1795895194016509,0.0,-0.0325348
2044.0,2.6618525503096393,0.6076207038002059,0.20272109392758852,0.31599929990160713,0.41663237447639045,-0.024587306933592713,0.0729144844560247,0.0,-0.5708702370576243,0.030835797280593328,-0.17937468061956077,0.0,-0.0155731
2045.0,2.682078617445603,0.6087484035333955,0.20438199694679468,0.3135870142847658,0.4157422185546341,-0.024131483365780363,0.07304980842400746,0.0,-0.5662048692672133,0.03055797280593325,-0.1791685028018639,0.0,0.0337524
2046.0,2.7019581694887256,0.6100531800773679,0.20606158248497083,0.31120257166241005,0.4149015813745367,-0.023685647773420457,0.07320638160928414,0.0,-0.5615254151111687,0.03028014833127318,-0.17897375249824146,0.0,0.0675049
2047.0,2.721511296654204,0.6115172559682569,0.2077601862657083,0.30884632776971577,0.4141155916755312,-0.02324930501002284,0.07338207071619082,0.0,-0.5568317489188002,0.030002323856613104,-0.17879042970755563,0.0,0.1049316
2048.0,2.7407543496585998,0.6131236745673149,0.20947769030316718,0.306515158250188,0.4133792436275665,-0.02282198847297179,0.07357484094807779,0.0,-0.5521237433143014,0.02972449938195303,-0.17861853443094428,0.0,0.1091827
2049.0,2.759673399692573,0.6148571853354313,0.2112139852591838,0.3042061390485054,0.4127015209473039,-0.022403259896308706,0.07378286224025175,0.0,-0.5474012692175731,0.029446674907292955,-0.17845806666840738,0.0,0.0779938
2050.0,2.7782341548886436,0.6167040780239629,0.21296896617588373,0.3019165473618065,0.41208833206918744,-0.0219927078555139,0.07400448936287554,0.0,-0.5426641957702198,0.02916885043263288,-0.17830902641880705,0.0,0.0312317
2051.0,2.7966183614165305,0.618556945911355,0.21473642441300103,0.29965949511897616,0.4122689946464886,-0.021588780801898716,0.0742268335093626,0.0,-0.5389865230367548,0.028991792336217556,-0.17816667697150987,0.0,0.00784
2052.0,2.814806922223702,0.6203198791021183,0.21651029121218893,0.2974461991109081,0.41242268588111586,-0.021191724004617076,0.07443838549225419,0.0,-0.5353006127812983,0.028814734239802228,-0.17803101832651577,0.0,-0.0136292
2053.0,2.832789260063299,0.6220020926941551,0.21829042380171013,0.2952704740694224,0.41255070301195607,-0.020803461010797147,0.07464025112329861,0.0,-0.5316064089012151,0.0286376761433869,-0.17790205048382482,0.0,-0.0291168
2054.0,2.8505630248437885,0.6236118385682493,0.2200766817474165,0.2931266719378732,0.4126531400720759,-0.020424263968202936,0.07483342062818991,0.0,-0.5279038547029714,0.02846061804697157,-0.17777977344343698,0.0,-0.0232208
2055.0,2.8681421312052224,0.6251565076960874,0.2218689202468196,0.29100976480631663,0.41272534332961586,-0.020053912182584413,0.0750187809235305,0.0,-0.5241928929215158,0.02828355995055624,-0.17766418720535226,0.0,0.0052551
2056.0,2.885539525294671,0.6266454749813589,0.22366670988120005,0.288916827341431,0.4127650360021457,-0.01969204889485183,0.07519745699776306,0.0,-0.5204734656888219,0.028106501854140917,-0.17755367045383152,0.0,0.040802
2057.0,2.9027772963390066,0.6280871347553029,0.22546962555906785,0.28684536642249314,0.41277638358394864,-0.019338291730052196,0.07537045617063634,0.0,-0.516745514537436,0.02792944375772559,-0.1774482231888747,0.0,0.0418701
2058.0,2.9198461367553556,0.6294862564010028,0.22727756670375066,0.28479176089203584,0.4127752361313672,-0.018992266531079577,0.07553835076812032,0.0,-0.5130089804038858,0.027752385661310257,-0.17734784541048187,0.0,0.0480438
2059.0,2.9367430892890556,0.6308471150088913,0.2290904328751073,0.282752825836267,0.41276107809787504,-0.018653617086562588,0.07570165380106696,0.0,-0.5092638035967954,0.027575327564894933,-0.177252537118653,0.0,0.0520599
2060.0,2.9534646540399487,0.6321735430584001,0.23090812834265093,0.2807257604899483,0.4127360137056186,-0.01832200722146935,0.07586082516700801,0.0,-0.5055099238155617,0.027398269468479602,-0.1771622983133881,0.0,0.0229645
2061.0,2.9699995806066735,0.6333781802775594,0.23272737486502887,0.2787234476942186,0.41307113853341315,-0.01799959739300147,0.07600538163330713,0.0,-0.5022479366223586,0.02729334981458591,-0.1770688253800968,0.0,-0.002243
2062.0,2.9863340330464263,0.6343828960627277,0.23454487519286296,0.2767576885696069,0.4133355124029371,-0.01768735792498117,0.07612594752752731,0.0,-0.4989802287793038,0.027188430160692213,-0.1769721183187792,0.0,-0.0229218
2063.0,3.0024621312244615,0.6352084180816429,0.23636047769283083,0.27482415165608687,0.4135341591574036,-0.017383372898462493,0.07622501016979714,0.0,-0.4957067678391439,0.027083510506798518,-0.17687217713057313,0.0,-0.0301422
2064.0,3.0183891463139525,0.6358732819858954,0.23817403932452458,0.2729192292355381,0.4136694715911429,-0.01708678101496863,0.07630479383830745,0.0,-0.4924275210894369,0.02697859085290482,-0.1767690018143407,0.0,-0.0327484
2065.0,3.0341220941733624,0.6363940711628373,0.2399854310676143,0.2710397779413345,0.41374681117891365,-0.016797085366935704,0.07636728853954047,0.0,-0.48914245550277236,0.02687367119901113,-0.17666259237008192,0.0,-0.0239471
2066.0,3.0496778984022423,0.6367934266240723,0.2417949512343072,0.2691863739587026,0.41377236903400544,-0.01651392442885233,0.07641521119488869,0.0,-0.48585153780349916,0.026768751545117434,-0.17655344296863124,0.0,0.0149323
2067.0,3.065083390876049,0.6370916315553613,0.24360290325916148,0.26735964446843147,0.4137470824770274,-0.016236994362162773,0.07645099578664336,0.0,-0.4825547344178554,0.026663831891223733,-0.17644155360998862,0.0,0.0497955
2068.0,3.0803538592466717,0.6372990714629663,0.24540919215905813,0.2655568766274848,0.4136791976830478,-0.015966021772879434,0.07647588857555596,0.0,-0.4792520114939822,0.026558912237330038,-0.17632692429415406,0.0,0.0696198
2069.0,3.09548991756302,0.6374250538807322,0.24721374387134254,0.26377561409970784,0.41357841306832,-0.01570075357953455,0.07649100646568786,0.0,-0.47594333485195944,0.026453992583436343,-0.1762095550211276,0.0,0.0616516
2070.0,3.1104748456702214,0.6374779222745577,0.2490165071921203,0.2620136318355909,0.41345559685840605,-0.01544095279979394,0.07649735067294693,0.0,-0.47262867005034426,0.02634907292954265,-0.17608944578977134,0.0,0.0401184
2071.0,3.1253380850653913,0.6374616593971054,0.2508166889925054,0.26028045865786975,0.41369530421299944,-0.015188348328220073,0.07649539912765264,0.0,-0.4697292257054364,0.026317231149567365,-0.17597561933953568,0.0,0.0092499
2072.0,3.140058109470745,0.6373798347561784,0.2526135510045589,0.2585853686286109,0.4139179923209609,-0.014943652256346212,0.0764855801707414,0.0,-0.46682613492374764,0.026285389369592085,-0.17586807567042056,0.0,-0.0057892
2073.0,3.1546297985453564,0.6372391453434386,0.25440706292684395,0.2569260450680001,0.4141203932000177,-0.014705260189419913,0.07646869744121264,0.0,-0.4639193812303142,0.026253547589616812,-0.1757668147812882,0.0,-0.0168121
2074.0,3.169052296125758,0.6370455982325168,0.25619719708275085,0.2553005996819643,0.4143033021969962,-0.014472459856929692,0.07644547178790202,0.0,-0.46100894799132797,0.026221705809641536,-0.1756718366732764,0.0,-0.0329193
2075.0,3.183322433260811,0.6368045824910538,0.25798393340019615,0.25370732088224307,0.4144698217247611,-0.014244862973079687,0.07641654989892645,0.0,-0.45809481850635736,0.026189864029666256,-0.17558314134638517,0.0,-0.0395416
2076.0,3.1974392150856605,0.6365036641110242,0.25976656106915147,0.2521371358058787,0.4146123095077163,-0.014022204298061326,0.07638043969332291,0.0,-0.455176975914075,0.026158022249690976,-0.17550075176437263,0.0,-0.0462921
2077.0,3.211405700356845,0.636131665349672,0.26154436366281153,0.25058156589774316,0.4147265414883657,-0.013804269678088696,0.07633579984196064,0.0,-0.45225540330001474,0.0261261804697157,-0.17542466792837666,0.0,-0.0375549
2078.0,3.225232960058093,0.6356958069605989,0.263317305566222,0.24904013867652613,0.4148119671966583,-0.013590869810285086,0.07628349683527187,0.0,-0.4493300835400346,0.026094338689740423,-0.17535488983725941,0.0,-0.0128815
2079.0,3.2389375766472934,0.6352025663542296,0.2650853526488328,0.24751237364856937,0.4148685492882626,-0.013381830359932033,0.07622430796250755,0.0,-0.4464009994858519,0.026062496909765143,-0.17529141749215868,0.0,0.0136932
2080.0,3.2525318054896895,0.634657755084028,0.2668484803588004,0.24599778949499607,0.4148998858267114,-0.013176987982530525,0.07615893061008336,0.0,-0.44346813380848094,0.026030655129789866,-0.17523425089307454,0.0,0.0323639
2081.0,3.265993398468895,0.6340605927618139,0.2686041804375442,0.24448546488039924,0.4150292658804122,-0.01298050060986304,0.07608727113141767,0.0,-0.44093099724620816,0.02604672435105068,-0.17517795718533988,0.0,0.0341156
2082.0,3.2793169502897617,0.6334103724701279,0.27034995839420217,0.24296528342447407,0.4151402444053743,-0.012793668400586902,0.07600924469641535,0.0,-0.43839111280907755,0.026062793572311498,-0.17512253637009254,0.0,0.0330902
2083.0,3.2924971274695154,0.6327124523722475,0.27208586338459917,0.24143843932608494,0.4152350737191512,-0.012612617008975872,0.0759254942846697,0.0,-0.435848469752083,0.026078862793572313,-0.17506798844619467,0.0,0.0135223
2084.0,3.3055204944992713,0.6319716411649019,0.27381195693982624,0.23990614505632588,0.41531896676036417,-0.012436068074859552,0.07583659693978823,0.0,-0.43330305721988405,0.02609493201483313,-0.17501431341478413,0.0,0.0040161
2085.0,3.3183833805996183,0.6311922549299673,0.2755282957483659,0.23836949282430767,0.41539025152686465,-0.012263531292926804,0.07574307059159607,0.0,-0.4307548642735811,0.026111001236093945,-0.1749615112747231,0.0,-0.0254852
2086.0,3.3310684680355545,0.6303782058669446,0.27723500639465865,0.2368294146330151,0.41545397591048877,-0.012094761623513915,0.07564538470403336,0.0,-0.4282038799406733,0.02612707045735476,-0.17490953035215082,0.0,-0.041806
2087.0,3.3435746914280915,0.6295330060591776,0.2789322028500893,0.23528670211400055,0.4155075671621609,-0.011929594425770147,0.07554396072710132,0.0,-0.4256500931835483,0.026143139678615573,-0.1748583706470673,0.0,-0.0431519
2088.0,3.3559096437833467,0.6286597707586984,0.28061993987536343,0.2337420356681634,0.4155489130026142,-0.011767894582472072,0.0754391724910438,0.0,-0.42309349288718745,0.026159208899876392,-0.17480803215833468,0.0,-0.0408661
2089.0,3.368080958545283,0.6277612970601789,0.28229827439266514,0.23219599112637507,0.41557881018805104,-0.011609540404603111,0.07533135564722147,0.0,-0.42053406787036096,0.026175278121137208,-0.17475851488709082,0.0,-0.0179657
2090.0,3.380104756628594,0.6268400965425779,0.28396725679834833,0.230649056782634,0.4155947784085165,-0.01145441829530003,0.07522081158510935,0.0,-0.41797180689681673,0.026191347342398027,-0.1747098188333358,0.0,0.0199738
2091.0,3.3920288608195324,0.6258987903270176,0.28562571910525525,0.229097526350948,0.4156721203686515,-0.011305403258542483,0.07510785483924211,0.0,-0.4158812639321483,0.02624004944375773,-0.174660174490502,0.0,0.047702
2092.0,3.403859317823068,0.6249397353998871,0.2872725492480219,0.22753773588695758,0.415739805885725,-0.011163418039081099,0.07499276824798645,0.0,-0.4137891563401451,0.026288751545117433,-0.17460958185858946,0.0,0.0841888
2093.0,3.415604127326257,0.6239646854555473,0.2889078341674668,0.22597035183707273,0.4157978719488052,-0.0110257937193372,0.07487576225466568,0.0,-0.41169547946951435,0.02633745364647713,-0.17455804093873603,0.0,0.0692139
2094.0,3.427243180014088,0.6229752153422026,0.2905316900697791,0.22439617467185013,0.4158571279038737,-0.010891621854431021,0.0747570258410643,0.0,-0.40960022866008117,0.026386155747836836,-0.17450555172980386,0.0,0.0388794
2095.0,3.438754832247748,0.6219727393170891,0.2921442359477605,0.22281596635822817,0.4159192070896777,-0.010760545519462216,0.07463672871805069,0.0,-0.4075033992659154,0.02643485784919654,-0.17445211423179294,0.0,0.0147186
2096.0,3.4501237812850074,0.6209592355920153,0.29374566978716066,0.22123043848130294,0.4159819951736876,-0.010632385214205472,0.07451510827104182,0.0,-0.40540498656190743,0.02648355995055624,-0.17439775805829053,0.0,-0.0138855
2097.0,3.4613399452343203,0.6199364822592354,0.2953361846744811,0.21964020964632525,0.4160458457617632,-0.010507021345214957,0.07439237787110824,0.0,-0.4033049858486612,0.026532262051915948,-0.17434248320929663,0.0,-0.0233704
2098.0,3.4724057601502,0.6189053685965066,0.296915876499576,0.21804577868125566,0.41610687665502843,-0.010384356630832113,0.07426864423158079,0.0,-0.4012033923901276,0.02658096415327565,-0.17428628968481122,0.0,-0.0323853
2099.0,3.4833236049213117,0.6178666931474953,0.29848484104689743,0.21644757456206884,0.4161653095769776,-0.010264303773818697,0.07414400317769944,0.0,-0.3991002014445989,0.02662966625463535,-0.17422917748483432,0.0,-0.0193329
2100.0,3.494105845860463,0.6168211729533561,0.30004316319630103,0.21484596780062218,0.41621777386915493,-0.01014678125365015,0.07401854075440273,0.0,-0.3969954082139958,0.026678368355995054,-0.17417114660936592,0.0,0.0103607
