v YEARS/GAS >,FossilCO2,OtherCO2,CH4,N2O,SOx,CO,NMVOC,NOx,BC,OC,NH3,CF4,C2F6,C6F14,HFC23,HFC32,HFC43_10,HFC125,HFC134a,HFC143a,HFC227ea,HFC245fa,SF6,CFC_11,CFC_12,CFC_113,CFC_114,CFC_115,CARB_TET,MCF,HCFC_22,HCFC_141B,HCFC_142B,HALON1211,HALON1202,HALON1301,HALON2402,CH3BR,CH3CL
1765,0.003,0,0,0,0,0,0,0,0,0,0.83383669,0.010762744,0,0,0,0,0,0,0,0,0,0,0,0,0,0,0,0,0,0,0,0,0,0,0,0,0,157.267,3100.211
1766,0.003,0.005338296,1.9632619,0.005191085,0.098882647,9.0502213,1.5968747,0.10950162,0.106998,0.56591996,0.85423057,0.010752073,0,0,0,0,0,0,0,0,0,0,0,0,0,0,0,0,0,0,0,0,0,0,0,0,0,157.267,3100.211
1767,0.003,0.010676593,2.4364481,0.010116813,0.1163065,12.960844,2.2923164,0.16803826,0.1333826,0.78146771,0.87416738,0.010747949,0,0,0,0,0,0,0,0,0,0,0,0,0,0,0,0,0,0,0,0,0,0,0,0,0,157.267,3100.211
1768,0.003,0.016014889,2.911105,0.015042803,0.13381075,16.876539,2.9886478,0.2266252,0.15984677,0.99736131,0.89365446,0.01074382,0,0,0,0,0,0,0,0,0,0,0,0,0,0,0,0,0,0,0,0,0,0,0,0,0,157.267,3100.211
1769,0.003,0.021353185,3.3872782,0.019969063,0.15139789,20.797465,3.6858966,0.28526401,0.18639296,1.2136114,0.91269911,0.010739687,0,0,0,0,0,0,0,0,0,0,0,0,0,0,0,0,0,0,0,0,0,0,0,0,0,157.267,3100.211
1770,0.003,0.026691482,3.8650146,0.024895601,0.16907049,24.723782,4.3840909,0.34395628,0.21302373,1.4302291,0.93130867,0.010735548,0,0,0,0,0,0,0,0,0,0,0,0,0,0,0,0,0,0,0,0,0,0,0,0,0,157.267,3100.211
1771,0.004,0.032029778,4.3443625,0.029822427,0.18683119,28.655658,5.0832602,0.40270367,0.23974168,1.6472257,0.95253247,0.010731403,0,0,0,0,0,0,0,0,0,0,0,0,0,0,0,0,0,0,0,0,0,0,0,0,0,157.267,3100.211
1772,0.004,0.037368074,4.8253718,0.034749548,0.20468271,32.593264,5.7834346,0.46150789,0.26654951,1.864613,0.97029378,0.010727254,0,0,0,0,0,0,0,0,0,0,0,0,0,0,0,0,0,0,0,0,0,0,0,0,0,157.267,3100.211
1773,0.004,0.042706371,5.3080938,0.039676975,0.22262786,36.536778,6.4846451,0.52037068,0.29345,2.082403,0.98764194,0.010723098,0,0,0,0,0,0,0,0,0,0,0,0,0,0,0,0,0,0,0,0,0,0,0,0,0,157.267,3100.211
1774,0.004,0.048044667,5.7925816,0.044604715,0.24066954,40.486382,7.1869238,0.57929387,0.32044601,2.3006082,1.0045843,0.010718937,0,0,0,0,0,0,0,0,0,0,0,0,0,0,0,0,0,0,0,0,0,0,0,0,0,157.267,3100.211
1775,0.004,0.053382963,6.2788896,0.04953278,0.25881073,44.442265,7.8903037,0.63827932,0.34754051,2.5192414,1.0211281,0.010714769,0,0,0,0,0,0,0,0,0,0,0,0,0,0,0,0,0,0,0,0,0,0,0,0,0,157.267,3100.211
1776,0.004,0.058721259,6.7670743,0.05446118,0.27705451,48.40462,8.5948188,0.69732895,0.37473653,2.7383159,1.0372808,0.010710595,0,0,0,0,0,0,0,0,0,0,0,0,0,0,0,0,0,0,0,0,0,0,0,0,0,157.267,3100.211
1777,0.004,0.064059556,7.2571937,0.059389923,0.29540406,52.373649,9.3005044,0.75644476,0.40203721,2.9578452,1.0530496,0.010706413,0,0,0,0,0,0,0,0,0,0,0,0,0,0,0,0,0,0,0,0,0,0,0,0,0,157.267,3100.211
1778,0.004,0.069397852,7.7493076,0.064319022,0.31386264,56.349557,10.007397,0.81562878,0.4294458,3.1778436,1.0684418,0.010702225,0,0,0,0,0,0,0,0,0,0,0,0,0,0,0,0,0,0,0,0,0,0,0,0,0,157.267,3100.211
1779,0.004,0.074736148,8.2434776,0.069248487,0.33243362,60.332558,10.715533,0.87488313,0.45696563,3.3983254,1.0834648,0.01069803,0,0,0,0,0,0,0,0,0,0,0,0,0,0,0,0,0,0,0,0,0,0,0,0,0,157.267,3100.211
1780,0.004,0.080074445,8.7397674,0.07417833,0.35112049,64.32287,11.424951,0.93420999,0.48460014,3.6193057,1.0981259,0.010693826,0,0,0,0,0,0,0,0,0,0,0,0,0,0,0,0,0,0,0,0,0,0,0,0,0,157.267,3100.211
1781,0.005,0.085412741,9.2382426,0.079108562,0.36992683,68.32072,12.135692,0.99361159,0.51235288,3.8407999,1.1154744,0.010689617,0,0,0,0,0,0,0,0,0,0,0,0,0,0,0,0,0,0,0,0,0,0,0,0,0,157.267,3100.211
1782,0.005,0.090751037,9.7389706,0.084039195,0.38885633,72.32634,12.847795,1.0530902,0.5402275,4.0628238,1.1294337,0.010685398,0,0,0,0,0,0,0,0,0,0,0,0,0,0,0,0,0,0,0,0,0,0,0,0,0,157.267,3100.211
1783,0.005,0.096089334,10.242021,0.088970241,0.4079128,76.339972,13.561303,1.1126483,0.56822778,4.2853938,1.143053,0.010681171,0,0,0,0,0,0,0,0,0,0,0,0,0,0,0,0,0,0,0,0,0,0,0,0,0,157.267,3100.211
1784,0.005,0.10142763,10.747466,0.093901714,0.42710016,80.361863,14.27626,1.1722883,0.59635759,4.5085268,1.1563396,0.010676935,0,0,0,0,0,0,0,0,0,0,0,0,0,0,0,0,0,0,0,0,0,0,0,0,0,157.267,3100.211
1785,0.005,0.10676593,11.25538,0.098833627,0.44642248,84.392268,14.992711,1.2320128,0.62462095,4.7322403,1.169301,0.010672691,0,0,0,0,0,0,0,0,0,0,0,0,0,0,0,0,0,0,0,0,0,0,0,0,0,157.267,3100.211
1786,0.005,0.11210422,11.765839,0.10376599,0.46588391,88.431451,15.710701,1.2918242,0.65302198,4.9565522,1.1819444,0.010668437,0,0,0,0,0,0,0,0,0,0,0,0,0,0,0,0,0,0,0,0,0,0,0,0,0,157.267,3100.211
1787,0.005,0.11744252,12.278921,0.10869883,0.48548877,92.479683,16.430278,1.3517254,0.68156496,5.1814809,1.194277,0.010664172,0,0,0,0,0,0,0,0,0,0,0,0,0,0,0,0,0,0,0,0,0,0,0,0,0,157.267,3100.211
1788,0.005,0.12278082,12.794707,0.11363214,0.50524148,96.537244,17.151491,1.4117191,0.71025425,5.4070456,1.2063064,0.010659899,0,0,0,0,0,0,0,0,0,0,0,0,0,0,0,0,0,0,0,0,0,0,0,0,0,157.267,3100.211
1789,0.005,0.12811911,13.313282,0.11856595,0.52514663,100.60442,17.874391,1.4718082,0.73909439,5.633266,1.2180397,0.010655614,0,0,0,0,0,0,0,0,0,0,0,0,0,0,0,0,0,0,0,0,0,0,0,0,0,157.267,3100.211
1790,0.005,0.13345741,13.834732,0.12350027,0.54520892,104.68152,18.59903,1.5319956,0.76809005,5.8601623,1.2294843,0.010651319,0,0,0,0,0,0,0,0,0,0,0,0,0,0,0,0,0,0,0,0,0,0,0,0,0,157.267,3100.211
1791,0.006,0.1387957,14.359145,0.12843512,0.56543322,108.76883,19.325462,1.5922843,0.79724604,6.0877554,1.2436895,0.010647012,0,0,0,0,0,0,0,0,0,0,0,0,0,0,0,0,0,0,0,0,0,0,0,0,0,157.267,3100.211
1792,0.006,0.144134,14.886613,0.13337052,0.58582453,112.86668,20.053742,1.6526776,0.8265673,6.3160669,1.2545786,0.010642695,0,0,0,0,0,0,0,0,0,0,0,0,0,0,0,0,0,0,0,0,0,0,0,0,0,157.267,3100.211
1793,0.006,0.1494723,15.417231,0.13830648,0.60638803,116.9754,20.783927,1.7131785,0.85605896,6.5451189,1.265201,0.010638364,0,0,0,0,0,0,0,0,0,0,0,0,0,0,0,0,0,0,0,0,0,0,0,0,0,157.267,3100.211
1794,0.006,0.15481059,15.951096,0.14324301,0.62712904,121.09532,21.516077,1.7737906,0.88572629,6.7749345,1.2755639,0.010634021,0,0,0,0,0,0,0,0,0,0,0,0,0,0,0,0,0,0,0,0,0,0,0,0,0,157.267,3100.211
1795,0.006,0.16014889,16.488308,0.14818014,0.64805304,125.22678,22.250252,1.8345171,0.91557471,7.0055372,1.2856747,0.010629666,0,0,0,0,0,0,0,0,0,0,0,0,0,0,0,0,0,0,0,0,0,0,0,0,0,157.267,3100.211
1796,0.006,0.16548719,17.028971,0.15311788,0.66916569,129.37015,22.986514,1.8953617,0.94560984,7.2369513,1.2955407,0.010625297,0,0,0,0,0,0,0,0,0,0,0,0,0,0,0,0,0,0,0,0,0,0,0,0,0,157.267,3100.211
1797,0.007,0.17082548,17.573192,0.15805626,0.69047284,133.52578,23.724929,1.9563279,0.97583743,7.469202,1.3082113,0.010620914,0,0,0,0,0,0,0,0,0,0,0,0,0,0,0,0,0,0,0,0,0,0,0,0,0,157.267,3100.211
1798,0.007,0.17616378,18.121081,0.16299529,0.7119805,137.69407,24.465563,2.0174196,1.0062635,7.7023151,1.3176096,0.010616517,0,0,0,0,0,0,0,0,0,0,0,0,0,0,0,0,0,0,0,0,0,0,0,0,0,157.267,3100.211
1799,0.007,0.18150207,18.672751,0.167935,0.73369486,141.8754,25.208484,2.0786406,1.036894,7.9363173,1.3267852,0.010612106,0,0,0,0,0,0,0,0,0,0,0,0,0,0,0,0,0,0,0,0,0,0,0,0,0,157.267,3100.211
1800,0.008,0.18684037,19.228319,0.1728754,0.75562233,146.07018,25.953763,2.1399949,1.0677355,8.1712361,1.3387872,0.010607681,0,0,0,0,0,0,0,0,0,0,0,0,0,0,0,0,0,0,0,0,0,0,0,0,0,157.267,3100.211
1801,0.008,0.19217867,19.787906,0.17781651,0.77776949,150.27882,26.701473,2.2014867,1.0987944,8.4070999,1.347539,0.010603238,0,0,0,0,0,0,0,0,0,0,0,0,0,0,0,0,0,0,0,0,0,0,0,0,0,157.267,3100.211
1802,0.01,0.19751696,20.351635,0.18275836,0.80014313,154.50174,27.45169,2.2631202,1.1300774,8.6439378,1.362174,0.01059878,0,0,0,0,0,0,0,0,0,0,0,0,0,0,0,0,0,0,0,0,0,0,0,0,0,157.267,3100.211
1803,0.009,0.20285526,20.919636,0.18770098,0.82275026,158.7394,28.204491,2.3248998,1.1615915,8.88178,1.3674894,0.010594305,0,0,0,0,0,0,0,0,0,0,0,0,0,0,0,0,0,0,0,0,0,0,0,0,0,157.267,3100.211
1804,0.009,0.20819356,21.49204,0.19264437,0.84559811,162.99225,28.959955,2.38683,1.1933438,9.1206576,1.3756605,0.010589813,0,0,0,0,0,0,0,0,0,0,0,0,0,0,0,0,0,0,0,0,0,0,0,0,0,157.267,3100.211
1805,0.009,0.21353185,22.068984,0.19758858,0.86869411,167.26075,29.718165,2.4489154,1.2253417,9.3606025,1.3836527,0.010585303,0,0,0,0,0,0,0,0,0,0,0,0,0,0,0,0,0,0,0,0,0,0,0,0,0,157.267,3100.211
1806,0.01,0.21887015,22.650607,0.20253362,0.89204595,171.5454,30.479207,2.511161,1.2575928,9.6016479,1.3945153,0.010580775,0,0,0,0,0,0,0,0,0,0,0,0,0,0,0,0,0,0,0,0,0,0,0,0,0,157.267,3100.211
1807,0.01,0.22420845,23.237055,0.20747952,0.91566153,175.84668,31.243167,2.5735715,1.2901048,9.8438276,1.4021716,0.010576228,0,0,0,0,0,0,0,0,0,0,0,0,0,0,0,0,0,0,0,0,0,0,0,0,0,157.267,3100.211
1808,0.01,0.22954674,23.828476,0.2124263,0.93954901,180.16513,32.010136,2.6361521,1.322886,10.087177,1.409671,0.010571661,0,0,0,0,0,0,0,0,0,0,0,0,0,0,0,0,0,0,0,0,0,0,0,0,0,157.267,3100.211
1809,0.01,0.23488504,24.425025,0.217374,0.9637168,184.50125,32.780207,2.6989081,1.3559445,10.331732,1.4170207,0.010567074,0,0,0,0,0,0,0,0,0,0,0,0,0,0,0,0,0,0,0,0,0,0,0,0,0,157.267,3100.211
1810,0.01,0.24022333,25.02686,0.22232264,0.98817358,188.85561,33.553476,2.7618449,1.3892891,10.57753,1.424228,0.010562467,0,0,0,0,0,0,0,0,0,0,0,0,0,0,0,0,0,0,0,0,0,0,0,0,0,157.267,3100.211
1811,0.011,0.24556163,25.634145,0.22727225,1.0129283,193.22877,34.330042,2.8249681,1.4229284,10.824609,1.4343424,0.010557838,0,0,0,0,0,0,0,0,0,0,0,0,0,0,0,0,0,0,0,0,0,0,0,0,0,157.267,3100.211
1812,0.011,0.25089993,26.247048,0.23222285,1.0379901,197.62131,35.110006,2.8882835,1.4568717,11.073009,1.4412871,0.010553187,0,0,0,0,0,0,0,0,0,0,0,0,0,0,0,0,0,0,0,0,0,0,0,0,0,157.267,3100.211
1813,0.011,0.25623822,26.865743,0.2371745,1.0633685,202.03382,35.893474,2.951797,1.4911284,11.322772,1.4481114,0.010548513,0,0,0,0,0,0,0,0,0,0,0,0,0,0,0,0,0,0,0,0,0,0,0,0,0,157.267,3100.211
1814,0.011,0.26157652,27.490408,0.2421272,1.0890734,206.46693,36.680555,3.0155147,1.5257081,11.573938,1.4548227,0.010543815,0,0,0,0,0,0,0,0,0,0,0,0,0,0,0,0,0,0,0,0,0,0,0,0,0,157.267,3100.211
1815,0.012,0.26691482,28.12123,0.247081,1.1151148,210.92127,37.471359,3.0794429,1.5606208,11.826552,1.4644703,0.010539094,0,0,0,0,0,0,0,0,0,0,0,0,0,0,0,0,0,0,0,0,0,0,0,0,0,157.267,3100.211
1816,0.013,0.27225311,28.758398,0.25203593,1.1415031,215.39751,38.266003,3.1435882,1.5958768,12.080658,1.4740194,0.010534347,0,0,0,0,0,0,0,0,0,0,0,0,0,0,0,0,0,0,0,0,0,0,0,0,0,157.267,3100.211
1817,0.014,0.27759141,29.402108,0.25699203,1.1682491,219.8963,39.064605,3.2079573,1.6314868,12.336302,1.4834775,0.010529574,0,0,0,0,0,0,0,0,0,0,0,0,0,0,0,0,0,0,0,0,0,0,0,0,0,157.267,3100.211
1818,0.014,0.2829297,30.052563,0.26194932,1.1953638,224.41836,39.867286,3.272557,1.6674616,12.593532,1.4898097,0.010524775,0,0,0,0,0,0,0,0,0,0,0,0,0,0,0,0,0,0,0,0,0,0,0,0,0,157.267,3100.211
1819,0.014,0.288268,30.709971,0.26690786,1.2228586,228.96441,40.674175,3.3373946,1.7038127,12.852397,1.4960655,0.010519947,0,0,0,0,0,0,0,0,0,0,0,0,0,0,0,0,0,0,0,0,0,0,0,0,0,157.267,3100.211
1820,0.014,0.2936063,31.374548,0.27186767,1.2507453,233.53518,41.485399,3.4024773,1.7405516,13.112948,1.5022522,0.010515091,0,0,0,0,0,0,0,0,0,0,0,0,0,0,0,0,0,0,0,0,0,0,0,0,0,157.267,3100.211
1821,0.014,0.29894459,32.046514,0.2768288,1.279036,238.13144,42.301095,3.4678129,1.7776902,13.375236,1.5083771,0.010510206,0,0,0,0,0,0,0,0,0,0,0,0,0,0,0,0,0,0,0,0,0,0,0,0,0,157.267,3100.211
1822,0.015,0.30428289,32.7261,0.28179128,1.3077432,242.75398,43.121399,3.533409,1.815241,13.639316,1.5174895,0.010505291,0,0,0,0,0,0,0,0,0,0,0,0,0,0,0,0,0,0,0,0,0,0,0,0,0,157.267,3100.211
1823,0.016,0.30962119,33.413539,0.28675516,1.3368798,247.40361,43.946455,3.5992737,1.8532168,13.905243,1.5265547,0.010500343,0,0,0,0,0,0,0,0,0,0,0,0,0,0,0,0,0,0,0,0,0,0,0,0,0,157.267,3100.211
1824,0.016,0.31495948,34.109076,0.29172049,1.366459,252.08117,44.77641,3.6654154,1.8916306,14.173074,1.532538,0.010495364,0,0,0,0,0,0,0,0,0,0,0,0,0,0,0,0,0,0,0,0,0,0,0,0,0,157.267,3100.211
1825,0.017,0.32029778,34.81296,0.2966873,1.3964945,256.78752,45.611414,3.7318426,1.930496,14.442867,1.5415308,0.010490352,0,0,0,0,0,0,0,0,0,0,0,0,0,0,0,0,0,0,0,0,0,0,0,0,0,157.267,3100.211
1826,0.017,0.32563608,35.52545,0.30165564,1.4270005,261.52355,46.451625,3.7985641,1.969827,14.714684,1.5474564,0.010485305,0,0,0,0,0,0,0,0,0,0,0,0,0,0,0,0,0,0,0,0,0,0,0,0,0,157.267,3100.211
1827,0.018,0.33097437,36.246813,0.30662557,1.4579916,266.29019,47.297202,3.8655891,2.009638,14.988587,1.5564061,0.010480223,0,0,0,0,0,0,0,0,0,0,0,0,0,0,0,0,0,0,0,0,0,0,0,0,0,157.267,3100.211
1828,0.018,0.33631267,36.977321,0.31159712,1.4894826,271.08837,48.148313,3.9329269,2.0499438,15.264641,1.5623033,0.010475104,0,0,0,0,0,0,0,0,0,0,0,0,0,0,0,0,0,0,0,0,0,0,0,0,0,157.267,3100.211
1829,0.018,0.34165096,37.717259,0.31657035,1.5214891,275.91908,49.005128,4.0005873,2.0907597,15.542912,1.5681971,0.010469948,0,0,0,0,0,0,0,0,0,0,0,0,0,0,0,0,0,0,0,0,0,0,0,0,0,157.267,3100.211
1830,0.024,0.34698926,38.466917,0.32154532,1.554027,280.78331,49.867824,4.0685801,2.1321015,15.823469,1.5923472,0.010464751,0,0,0,0,0,0,0,0,0,0,0,0,0,0,0,0,0,0,0,0,0,0,0,0,0,157.267,3100.211
1831,0.023,0.35232756,39.226597,0.32652206,1.5871128,285.68212,50.736582,4.1369156,2.1739855,16.106382,1.5952145,0.010459517,0,0,0,0,0,0,0,0,0,0,0,0,0,0,0,0,0,0,0,0,0,0,0,0,0,157.267,3100.211
1832,0.023,0.35766585,39.996609,0.33150065,1.6207633,290.61656,51.611591,4.2056046,2.2164284,16.391724,1.6011425,0.010454239,0,0,0,0,0,0,0,0,0,0,0,0,0,0,0,0,0,0,0,0,0,0,0,0,0,157.267,3100.211
1833,0.024,0.36300415,40.777271,0.33648114,1.6549962,295.58773,52.493043,4.2746578,2.2594475,16.679571,1.6101385,0.01044892,0,0,0,0,0,0,0,0,0,0,0,0,0,0,0,0,0,0,0,0,0,0,0,0,0,157.267,3100.211
1834,0.024,0.36834245,41.568914,0.34146358,1.6898292,300.59678,53.381137,4.3440866,2.3030607,16.97,1.6161259,0.010443556,0,0,0,0,0,0,0,0,0,0,0,0,0,0,0,0,0,0,0,0,0,0,0,0,0,157.267,3100.211
1835,0.025,0.37368074,42.371876,0.34644803,1.7252812,305.64487,54.27608,4.4139026,2.3472862,17.26309,1.6251959,0.010438147,0,0,0,0,0,0,0,0,0,0,0,0,0,0,0,0,0,0,0,0,0,0,0,0,0,157.267,3100.211
1836,0.029,0.37901904,43.186509,0.35143456,1.7613711,310.73322,55.178082,4.4841177,2.3921432,17.558925,1.64344,0.010432691,0,0,0,0,0,0,0,0,0,0,0,0,0,0,0,0,0,0,0,0,0,0,0,0,0,157.267,3100.211
1837,0.029,0.38435733,44.013173,0.35642324,1.7981187,315.86307,56.087363,4.5547443,2.437651,17.857588,1.6495713,0.010427186,0,0,0,0,0,0,0,0,0,0,0,0,0,0,0,0,0,0,0,0,0,0,0,0,0,157.267,3100.211
1838,0.03,0.38969563,44.85224,0.36141413,1.8355443,321.03569,57.004147,4.6257951,2.4838298,18.159168,1.6588072,0.010421632,0,0,0,0,0,0,0,0,0,0,0,0,0,0,0,0,0,0,0,0,0,0,0,0,0,157.267,3100.211
1839,0.031,0.39503393,45.704093,0.36640729,1.873669,326.25242,57.928667,4.6972833,2.5307004,18.463755,1.6681131,0.010416028,0,0,0,0,0,0,0,0,0,0,0,0,0,0,0,0,0,0,0,0,0,0,0,0,0,157.267,3100.211
1840,0.032999999,0.40037222,46.569129,0.3714028,1.9125143,331.51462,58.861161,4.7692224,2.5782841,18.771441,1.6805382,0.010410369,0,0,0,0,0,0,0,0,0,0,0,0,0,0,0,0,0,0,0,0,0,0,0,0,0,157.267,3100.211
1841,0.033999999,0.40571052,47.447755,0.37640073,1.9521025,336.82369,59.801876,4.8416262,2.6266031,19.082323,1.6900059,0.010404655,0,0,0,0,0,0,0,0,0,0,0,0,0,0,0,0,0,0,0,0,0,0,0,0,0,157.267,3100.211
1842,0.035999999,0.41104882,48.34039,0.38140115,1.9924567,342.18109,60.751067,4.9145093,2.67568,19.396499,1.7026076,0.010398886,0,0,0,0,0,0,0,0,0,0,0,0,0,0,0,0,0,0,0,0,0,0,0,0,0,157.267,3100.211
1843,0.036999999,0.41638711,49.247469,0.38640415,2.0336004,347.5883,61.708996,4.9878863,2.7255383,19.714071,1.7122664,0.010393057,0,0,0,0,0,0,0,0,0,0,0,0,0,0,0,0,0,0,0,0,0,0,0,0,0,157.267,3100.211
1844,0.038999999,0.42172541,50.169439,0.3914098,2.0755581,353.04688,62.675932,5.0617727,2.7762021,20.035144,1.7250737,0.01038717,0,0,0,0,0,0,0,0,0,0,0,0,0,0,0,0,0,0,0,0,0,0,0,0,0,157.267,3100.211
1845,0.042999999,0.42706371,51.106759,0.39641818,2.118355,358.5584,63.652156,5.1361841,2.8276964,20.359827,1.744079,0.01038122,0,0,0,0,0,0,0,0,0,0,0,0,0,0,0,0,0,0,0,0,0,0,0,0,0,157.267,3100.211
1846,0.042999999,0.432402,52.059904,0.40142938,2.1620171,364.1245,64.637952,5.2111367,2.8800469,20.688231,1.7510373,0.010375207,0,0,0,0,0,0,0,0,0,0,0,0,0,0,0,0,0,0,0,0,0,0,0,0,0,157.267,3100.211
1847,0.045999999,0.4377403,53.029365,0.40644349,2.206571,369.74689,65.633619,5.2866474,2.9332801,21.020471,1.7672503,0.010369128,0,0,0,0,0,0,0,0,0,0,0,0,0,0,0,0,0,0,0,0,0,0,0,0,0,157.267,3100.211
1848,0.046999999,0.44307859,54.015644,0.41146059,2.2520444,375.42728,66.639461,5.3627334,2.9874231,21.356666,1.7775149,0.010362983,0,0,0,0,0,0,0,0,0,0,0,0,0,0,0,0,0,0,0,0,0,0,0,0,0,157.267,3100.211
1849,0.049999999,0.44841689,55.019264,0.41648078,2.2984658,381.16749,67.655792,5.4394124,3.0425043,21.696939,1.7940068,0.010356769,0,0,0,0,0,0,0,0,0,0,0,0,0,0,0,0,0,0,0,0,0,0,0,0,0,157.267,3100.211
1850,0.053999999,0.45375519,56.040759,0.42150415,2.3458644,386.96935,68.682938,5.5167028,3.0985525,22.041414,1.8136911,0.010350482,0,0,0,0,0,0,0,0,0,0,0,0,0,0,0,0,1.395,0,0,0,0,0,0,0,0,157.267,3100.211
1851,0.053999999,0.44678569,56.46132,0.42740096,2.401282,387.46072,68.727765,5.5423239,3.1187417,22.105064,1.8469194,0.010350913,0,0,0,0,0,0,0,0,0,0,0,0,0,0,0,0,1.447,0,0,0,0,0,0,0,0,157.267,3100.211
1852,0.056999999,0.49862282,56.88188,0.46466062,2.4566996,387.95209,68.772592,5.5679451,3.1389309,22.168714,1.9946876,0.010351344,0,0,0,0,0,0,0,0,0,0,0,0,0,0,0,0,1.502,0,0,0,0,0,0,0,0,157.267,3100.211
1853,0.058999999,0.49735449,57.302441,0.46477417,2.5121172,388.44346,68.817418,5.5935662,3.15912,22.232363,2.0008114,0.010351774,0,0,0,0,0,0,0,0,0,0,0,0,0,0,0,0,1.554,0,0,0,0,0,0,0,0,157.267,3100.211
1854,0.068999999,0.49581708,57.723001,0.46443647,2.5675348,388.93483,68.862245,5.6191873,3.1793092,22.296013,2.0303036,0.010352205,0,0,0,0,0,0,0,0,0,0,0,0,0,0,0,0,1.607,0,0,0,0,0,0,0,0,157.267,3100.211
1855,0.070999999,0.49367925,58.143562,0.46327909,2.6229524,389.42621,68.907072,5.6448084,3.1994983,22.359663,2.0325148,0.010352638,0,0,0,0,0,0,0,0,0,0,0,0,0,0,0,0,1.657,0,0,0,0,0,0,0,0,157.267,3100.211
1856,0.075999999,0.49893488,58.564122,0.46729312,2.6783701,389.91758,68.951899,5.6704295,3.2196875,22.423312,2.0617637,0.01035307,0,0,0,0,0,0,0,0,0,0,0,0,0,0,0,0,1.712,0,0,0,0,0,0,0,0,157.267,3100.211
1857,0.076999999,0.504232,58.984683,0.47126447,2.7337877,390.40895,68.996726,5.6960507,3.2398767,22.486962,2.078453,0.0103535,0,0,0,0,0,0,0,0,0,0,0,0,0,0,0,0,1.765,0,0,0,0,0,0,0,0,157.267,3100.211
1858,0.077999999,0.50923298,59.405243,0.47503119,2.7892053,390.90032,69.041553,5.7216718,3.2600658,22.550611,2.0943024,0.010353931,0,0,0,0,0,0,0,0,0,0,0,0,0,0,0,0,1.815,0,0,0,0,0,0,0,0,157.267,3100.211
1859,0.082999999,0.51425389,59.825804,0.47876627,2.8446229,391.39169,69.08638,5.7472929,3.280255,22.614261,2.122971,0.010354362,0,0,0,0,0,0,0,0,0,0,0,0,0,0,0,0,1.87,0,0,0,0,0,0,0,0,157.267,3100.211
1860,0.090999999,0.51896689,60.246364,0.48257672,2.9000405,391.88307,69.131206,5.772914,3.3004441,22.677911,2.1619782,0.010354793,0,0,0,0,0,0,0,0,0,0,0,0,0,0,0,0,1.923,0,0,0,0,0,0,0,0,157.267,3100.211
1861,0.094999998,0.5282236,59.614468,0.50499476,2.9926781,392.8961,69.269044,5.8128366,3.3244138,22.734528,2.2735927,0.01035496,0,0,0,0,0,0,0,0,0,0,0,0,0,0,0,0,1.973,0,0,0,0,0,0,0,0,157.267,3100.211
1862,0.096999998,0.47371663,58.982573,0.47111281,3.0853157,393.90914,69.406881,5.8527592,3.3483835,22.791144,2.1558166,0.010355129,0,0,0,0,0,0,0,0,0,0,0,0,0,0,0,0,2.028,0,0,0,0,0,0,0,0,157.267,3100.211
1863,0.104,0.47374912,58.350677,0.47444935,3.1779532,394.92218,69.544719,5.8926817,3.3723532,22.847761,2.192329,0.010355298,0,0,0,0,0,0,0,0,0,0,0,0,0,0,0,0,2.081,0,0,0,0,0,0,0,0,157.267,3100.211
1864,0.112,0.47413825,57.718781,0.47785801,3.2705908,395.93522,69.682556,5.9326043,3.3963229,22.904378,2.2299438,0.010355467,0,0,0,0,0,0,0,0,0,0,0,0,0,0,0,0,2.134,0,0,0,0,0,0,0,0,157.267,3100.211
1865,0.119,0.47479536,57.086885,0.48144966,3.3632284,396.94826,69.820393,5.9725268,3.4202926,22.960995,2.2655309,0.010355635,0,0,0,0,0,0,0,0,0,0,0,0,0,0,0,0,2.184,0,0,0,0,0,0,0,0,157.267,3100.211
1866,0.122,0.47491218,56.45499,0.48420454,3.455866,397.9613,69.958231,6.0124494,3.4442623,23.017612,2.2871958,0.010355804,0,0,0,0,0,0,0,0,0,0,0,0,0,0,0,0,2.239,0,0,0,0,0,0,0,0,157.267,3100.211
1867,0.13022269,0.47338353,55.823094,0.48472337,3.5485035,398.97434,70.096068,6.052372,3.4682319,23.074229,2.3187563,0.010355975,0,0,0,0,0,0,0,0,0,0,0,0,0,0,0,0,2.291,0,0,0,0,0,0,0,0,157.267,3100.211
1868,0.13525196,0.47198274,55.191198,0.48595323,3.6411411,399.98738,70.233905,6.0922945,3.4922016,23.130846,2.3371841,0.010356145,0,0,0,0,0,0,0,0,0,0,0,0,0,0,0,0,2.341,0,0,0,0,0,0,0,0,157.267,3100.211
1869,0.14228123,0.47048522,54.559303,0.48686155,3.7337787,401.00042,70.371743,6.1322171,3.5161713,23.187463,2.3628056,0.010356316,0,0,0,0,0,0,0,0,0,0,0,0,0,0,0,0,2.386,0,0,0,0,0,0,0,0,157.267,3100.211
1870,0.14731051,0.46933399,53.927407,0.48774355,3.8264163,402.01346,70.50958,6.1721397,3.540141,23.244079,2.3824052,0.010356485,0,0,0,0,0,0,0,0,0,0,0,0,0,0,0,0,2.452,0,0,0,0,0,0,0,0,157.267,3100.211
1871,0.15633978,0.48732546,56.683869,0.58501628,3.9931681,403.03248,70.653331,6.217166,3.562453,23.283844,2.8606677,0.010356891,0,0,0,0,0,0,0,0,0,0,0,0,0,0,0,0,2.505,0,0,0,0,0,0,0,0,157.267,3100.211
1872,0.17336905,0.56696435,59.440331,0.66673981,4.1599199,404.0515,70.797082,6.2621924,3.5847651,23.323608,3.2401697,0.010357297,0,0,0,0,0,0,0,0,0,0,0,0,0,0,0,0,2.557,0,0,0,0,0,0,0,0,157.267,3100.211
1873,0.18439832,0.57690133,62.196793,0.69637076,4.3266717,405.07052,70.940834,6.3072188,3.6070771,23.363373,3.4033641,0.010357705,0,0,0,0,0,0,0,0,0,0,0,0,0,0,0,0,2.61,0,0,0,0,0,0,0,0,157.267,3100.211
1874,0.1744276,0.58328394,64.953255,0.7087503,4.4934235,406.08954,71.084585,6.3522452,3.6293891,23.403138,3.4271557,0.010358112,0,0,0,0,0,0,0,0,0,0,0,0,0,0,0,0,2.663,0,0,0,0,0,0,0,0,157.267,3100.211
1875,0.18845687,0.5899696,67.709717,0.72034342,4.6601753,407.10856,71.228336,6.3972715,3.6517012,23.442902,3.5173084,0.010358519,0,0,0,0,0,0,0,0,0,0,0,0,0,0,0,0,2.85,0,0,0,0,0,0,0,0,157.267,3100.211
1876,0.19148614,0.59639187,70.46618,0.74524338,4.8269271,408.12758,71.372087,6.4422979,3.6740132,23.482667,3.6375503,0.010358927,0,0,0,0,0,0,0,0,0,0,0,0,0,0,0,0,2.989,0,0,0,0,0,0,0,0,157.267,3100.211
1877,0.19451541,0.60262312,73.222642,0.75633197,4.9936789,409.1466,71.515838,6.4873243,3.6963253,23.522431,3.6958465,0.010359338,0,0,0,0,0,0,0,0,0,0,0,0,0,0,0,0,3.13,0,0,0,0,0,0,0,0,157.267,3100.211
1878,0.196,0.6090507,75.979104,0.7660459,5.1604307,410.16562,71.659589,6.5323507,3.7186373,23.562196,3.7456526,0.010359748,0,0,0,0,0,0,0,0,0,0,0,0,0,0,0,0,3.275,0,0,0,0,0,0,0,0,157.267,3100.211
1879,0.21,0.61534752,78.735566,0.77491118,5.3271825,411.18464,71.80334,6.577377,3.7409493,23.60196,3.8304098,0.01036016,0,0,0,0,0,0,0,0,0,0,0,0,0,0,0,0,3.396,0,0,0,0,0,0,0,0,157.267,3100.211
1880,0.236,0.62124317,81.492028,0.78412129,5.4939343,412.20366,71.947091,6.6224034,3.7632614,23.641725,3.9520183,0.010360569,0,0,0,0,0,0,0,0,0,0,0,0,0,0,0,0,3.573,0,0,0,0,0,0,0,0,157.267,3100.211
1881,0.243,0.64887292,84.359461,0.81157848,5.7623214,413.25581,72.099835,6.6759474,3.7925706,23.675442,4.071307,0.010361286,0,0,0,0,0,0,0,0,0,0,0,0,0,0,0,0,3.726,0,0,0,0,0,0,0,0,157.267,3100.211
1882,0.256,0.60466403,87.226893,0.78526034,6.0307085,414.30795,72.252579,6.7294913,3.8218798,23.709158,4.0198711,0.010362003,0,0,0,0,0,0,0,0,0,0,0,0,0,0,0,0,3.883,0,0,0,0,0,0,0,0,157.267,3100.211
1883,0.272,0.60851762,90.094326,0.79255607,6.2990955,415.3601,72.405323,6.7830353,3.851189,23.742875,4.0985326,0.01036272,0,0,0,0,0,0,0,0,0,0,0,0,0,0,0,0,4.043,0,0,0,0,0,0,0,0,157.267,3100.211
1884,0.275,0.61212775,92.961758,0.7987505,6.5674826,416.41225,72.558067,6.8365793,3.8804982,23.776592,4.1333435,0.010363441,0,0,0,0,0,0,0,0,0,0,0,0,0,0,0,0,4.233,0,0,0,0,0,0,0,0,157.267,3100.211
1885,0.27699999,0.61523611,95.829191,0.80453383,6.8358696,417.46439,72.710811,6.8901232,3.9098074,23.810309,4.1646148,0.010364164,0,0,0,0,0,0,0,0,0,0,0,0,0,0,0,0,4.427,0,0,0,0,0,0,0,0,157.267,3100.211
1886,0.28099999,0.61714413,98.696624,0.82619361,7.1042567,418.51654,72.863555,6.9436672,3.9391166,23.844026,4.2758916,0.010364884,0,0,0,0,0,0,0,0,0,0,0,0,0,0,0,0,4.625,0,0,0,0,0,0,0,0,157.267,3100.211
1887,0.295,0.61616314,101.56406,0.83219647,7.3726438,419.56869,73.016299,6.9972112,3.9684258,23.877742,4.353178,0.010365604,0,0,0,0,0,0,0,0,0,0,0,0,0,0,0,0,4.827,0,0,0,0,0,0,0,0,157.267,3100.211
1888,0.32699999,0.61473356,104.43149,0.83705812,7.6410308,420.62083,73.169043,7.0507551,3.997735,23.911459,4.4748698,0.010366324,0,0,0,0,0,0,0,0,0,0,0,0,0,0,0,0,5.033,0,0,0,0,0,0,0,0,157.267,3100.211
1889,0.32699999,0.6132002,107.29892,0.84143987,7.9094179,421.67298,73.321787,7.1042991,4.0270443,23.945176,4.498422,0.010367045,0,0,0,0,0,0,0,0,0,0,0,0,0,0,0,0,5.27,0,0,0,0,0,0,0,0,157.267,3100.211
1890,0.35599999,0.61175412,110.16635,0.84552548,8.1778049,422.72513,73.474531,7.1578431,4.0563535,23.978893,4.6037011,0.010367767,0,0,0,0,0,0,0,0,0,0,0,0,0,0,0,0,5.485,0,0,0,0,0,0,0,0,157.267,3100.211
1891,0.37199999,0.61024855,111.52362,0.85098169,8.5673728,424.29312,73.700338,7.2358632,4.0882845,24.011375,4.6830725,0.010368724,0,0,0,0,0,0,0,0,0,0,0,0,0,0,0,0,5.731,0,0,0,0,0,0,0,0,157.267,3100.211
1892,0.37399999,0.62319119,112.88089,0.85741997,8.9569407,425.86111,73.926145,7.3138833,4.1202154,24.043857,4.7551637,0.01036968,0,0,0,0,0,0,0,0,0,0,0,0,0,0,0,0,6.01,0,0,0,0,0,0,0,0,157.267,3100.211
1893,0.36999999,0.62440331,114.23816,0.86475824,9.3465086,427.42911,74.151953,7.3919035,4.1521464,24.076339,4.8217408,0.010370641,0,0,0,0,0,0,0,0,0,0,0,0,0,0,0,0,6.267,0,0,0,0,0,0,0,0,157.267,3100.211
1894,0.38299999,0.64036719,115.59543,0.87294487,9.7360765,428.9971,74.37776,7.4699236,4.1840774,24.108821,4.8845702,0.010371602,0,0,0,0,0,0,0,0,0,0,0,0,0,0,0,0,6.529,0,0,0,0,0,0,0,0,157.267,3100.211
1895,0.40599999,0.64441851,116.9527,0.88188195,10.125644,430.56509,74.603567,7.5479437,4.2160084,24.141303,4.9454181,0.01037256,0,0,0,0,0,0,0,0,0,0,0,0,0,0,0,0,6.824,0,0,0,0,0,0,0,0,157.267,3100.211
1896,0.41899999,0.6462784,118.30997,0.89141802,10.515212,432.13309,74.829374,7.6259638,4.2479394,24.173785,5.0060509,0.010373516,0,0,0,0,0,0,0,0,0,0,0,0,0,0,0,0,7.151,0,0,0,0,0,0,0,0,157.267,3100.211
1897,0.43999999,0.64956412,119.66724,0.90140157,10.90478,433.70108,75.055181,7.703984,4.2798704,24.206267,5.0682347,0.010374477,0,0,0,0,0,0,0,0,0,0,0,0,0,0,0,0,7.432,0,0,0,0,0,0,0,0,157.267,3100.211
1898,0.46499999,0.65100098,121.02451,0.91168111,11.294348,435.26907,75.280989,7.7820041,4.3118014,24.238749,5.1337359,0.010375435,0,0,0,0,0,0,0,0,0,0,0,0,0,0,0,0,7.798,0,0,0,0,0,0,0,0,157.267,3100.211
1899,0.50699999,0.65220446,122.38178,0.92210515,11.683916,436.83707,75.506796,7.8600242,4.3437324,24.271232,5.2043208,0.010376393,0.95911885,0,0,0,0,0,0,0,0,0,0,0,0,0,0,0,8.119,0,0,0,0,0,0,0,0,157.267,3100.211
1900,0.53399999,0.65320628,123.73905,0.9325222,12.073484,438.40506,75.732603,7.9380443,4.3756633,24.303714,5.2817555,0.010377345,0.050575847,0,0,0,0,0,0,0,0,0,0,0,0,0,0,0,8.473,0,0,0,0,0,0,0,0,157.267,3100.211
1901,0.55199999,0.70294318,124.8415,0.9446669,12.62988,439.89156,75.920477,8.0441379,4.4173849,24.336515,5.3685634,0.010379723,0.053237732,0,0,0,0,0,0,0,0,0,0,0,0,0,0,0,8.592,0,0,0,0,0,0,0,0,157.267,3100.211
1902,0.56599999,0.70297364,125.94396,0.95993065,13.186275,441.37806,76.108351,8.1502315,4.4591064,24.369316,5.4646652,0.0103821,0.056039719,0,0,0,0,0,0,0,0,0,0,0,0,0,0,0,8.762,0,0,0,0,0,0,0,0,157.267,3100.211
1903,0.61699999,0.72667096,127.04642,0.97764708,13.742671,442.86456,76.296224,8.2563251,4.500828,24.402117,5.5679233,0.010384475,0.058989177,0,0,0,0,0,0,0,0,0,0,0,0,0,0,0,8.906,0,0,0,0,0,0,0,0,157.267,3100.211
1904,0.62399999,0.74829324,128.14887,0.99722904,14.299067,444.35106,76.484098,8.3624187,4.5425495,24.434918,5.6762002,0.01038685,0.062093873,0,0,0,0,0,0,0,0,0,0,0,0,0,0,0,9.102,0,0,0,0,0,0,0,0,157.267,3100.211
1905,0.66299999,0.76981521,129.25133,1.0181293,14.855463,445.83756,76.671972,8.4685123,4.5842711,24.467719,5.7873584,0.010389227,0.065361969,0,0,0,0,0,0,0,0,0,0,0,0,0,0,0,9.623,0,0,0,0,0,0,0,0,157.267,3100.211
1906,0.70699999,0.79653384,130.35378,1.0397413,15.411858,447.32406,76.859846,8.5746059,4.6259926,24.50052,5.8992603,0.010391604,0.068802075,0,0,0,0,0,0,0,0,0,0,0,0,0,0,0,12.093,0,0,0,0,0,0,0,0,157.267,3100.211
1907,0.78399999,0.80376274,131.45624,1.0614586,15.968254,448.81056,77.04772,8.6806995,4.6677142,24.533321,6.0097685,0.010393983,0.072423235,0,0,0,0,0,0,0,0,0,0,0,0,0,0,0,12.363,0,0,0,0,0,0,0,0,157.267,3100.211
1908,0.74999999,0.81141278,132.5587,1.0826746,16.52465,450.29706,77.235593,8.7867931,4.7094357,24.566122,6.1167454,0.010396358,0.076234986,0,0,0,0,0,0,0,0,0,0,0,0,0,0,0,12.633,0,0,0,0,0,0,0,0,157.267,3100.211
1909,0.78499999,0.81737807,133.66115,1.1027829,17.081045,451.78356,77.423467,8.8928867,4.7511573,24.598923,6.2180534,0.010398735,0.080247352,0,0,0,0,0,0,0,0,0,0,0,0,0,0,0,12.903,0,0,0,0,0,0,0,0,157.267,3100.211
1910,0.81899999,0.82198169,134.76361,1.121177,17.637441,453.27006,77.611341,8.9989803,4.7928788,24.631724,6.3115552,0.010401115,0.084470898,0,0,0,0,0,0,0,0,0,0,0,0,0,0,0,13.146,0,0,0,0,0,0,0,0,157.267,3100.211
1911,0.83599999,0.77889405,135.96943,1.1389722,17.821423,451.75965,77.272725,9.0569588,4.7949516,24.427454,6.3975596,0.010406394,0.088916733,0,0,0,0,0,0,0,0,0,0,0,0,0,0,0,14.007,0,0,0,0,0,0,0,0,157.267,3100.211
1912,0.87899999,0.74784844,137.17525,1.1575596,18.005405,450.24925,76.934109,9.1149373,4.7970244,24.223184,6.4786614,0.010411672,0.093596563,0,0,0,0,0,0,0,0,0,0,0,0,0,0,0,19.895,0,0,0,0,0,0,0,0,157.267,3100.211
1913,0.94299999,0.72297977,138.38107,1.1767464,18.189388,448.73884,76.595492,9.1729159,4.7990972,24.018914,6.5561518,0.010416951,0.098522697,0,0,0,0,0,0,0,0,0,0,0,0,0,0,0,19.025,0,0,0,0,0,0,0,0,157.267,3100.211
1914,0.84999999,0.71479152,139.5869,1.1962611,18.37337,447.22844,76.256876,9.2308944,4.80117,23.814645,6.6313219,0.010422233,0.1037081,0,0,0,0,0,0,0,0,0,0,0,0,0,0,0,11.082,0,0,0,0,0,0,0,0,157.267,3100.211
1915,0.83799999,0.70574964,140.79272,1.2158443,18.557352,445.71803,75.91826,9.288873,4.8032428,23.610375,6.7054629,0.010427518,0.10916642,0,0,0,0,0,0,0,0,0,0,0,0,0,0,0,11.216,0,0,0,0,0,0,0,0,157.267,3100.211
1916,0.90099999,0.70811648,141.99854,1.2353217,18.741334,444.20762,75.579644,9.3468515,4.8053156,23.406105,6.7798659,0.010432805,0.11491202,0,0,0,0,0,0,0,0,0,0,0,0,0,0,0,18.614,0,0,0,0,0,0,0,0,157.267,3100.211
1917,0.95499999,0.7111963,143.20436,1.254519,18.925316,442.69722,75.241028,9.4048301,4.8073885,23.201836,6.8558222,0.010438096,0.12096002,0,0,0,0,0,0,0,0,0,0,0,0,0,0,0,22.143,0,0,0,0,0,0,0,0,157.267,3100.211
1918,0.93599999,0.71430427,144.41019,1.2732618,19.109298,441.18681,74.902412,9.4628086,4.8094613,22.997566,6.9346228,0.010443388,0.12732636,0,0,0,0,0,0,0,0,0,0,0,0,0,0,0,22.696,0,0,0,0,0,0,0,0,157.267,3100.211
1919,0.80599999,0.71965435,145.61601,1.2913759,19.29328,439.67641,74.563795,9.5207871,4.8115341,22.793296,7.0175589,0.010448682,0.13402771,0,0,0,0,0,0,0,0,0,0,0,0,0,0,0,23.196,0,0,0,0,0,0,0,0,157.267,3100.211
1920,0.93199999,0.72128338,146.82183,1.3086869,19.477262,438.166,74.225179,9.5787657,4.8136069,22.589027,7.1059216,0.010453982,0.14108183,0,0,0,0,0,0,0,0,0,0,0,0,0,0,0,23.802,0,0,0,0,0,0,0,0,157.267,3100.211
1921,0.80299999,0.75741661,147.86155,1.3257924,19.863884,440.99557,74.68028,9.6457029,4.7987143,22.605247,7.20195,0.0104523,0.14850719,0,0,0,0,0,0,0,0,0,0,0,0,0,0,0,24.304,0,0,0,0,0,0,0,0,157.267,3100.211
1922,0.84499999,0.7479409,148.90128,1.343275,20.250505,443.82514,75.13538,9.7126402,4.7838218,22.621467,7.3058291,0.98417991,0.15632334,0,0,0,0,0,0,0,0,0,0,0,0,0,0,0,24.563,0,0,0,0,0,0,0,0,157.267,3100.211
1923,0.96999999,0.75328819,149.941,1.3609385,20.637127,446.65471,75.59048,9.7795774,4.7689293,22.637688,7.415769,1.1648849,0.16455089,0,0,0,0,0,0,0,0,0,0,0,0,0,0,0,25.35,0,0,0,0,0,0,0,0,157.267,3100.211
1924,0.96299999,0.75686059,150.98072,1.3796194,21.023748,449.48427,76.045581,9.8465147,4.7540367,22.653908,7.5299799,1.2256653,0.17321146,0,0,0,0,0,0,0,0,0,0,0,0,0,0,0,25.878,0,0,0,0,0,0,0,0,157.267,3100.211
1925,0.97499999,0.75808855,152.02045,1.3998974,21.41037,452.31384,76.500681,9.9134519,4.7391442,22.670128,7.6466719,1.2896434,0.18232786,0,0,0,0,0,0,0,0,0,0,0,0,0,0,0,28.827,0,0,0,0,0,0,0,0,157.267,3100.211
1926,0.98299999,0.76148327,153.06017,1.4211909,21.796991,455.14341,76.955782,9.9803892,4.7242517,22.686349,7.7640552,1.3569897,0.19192405,0,0,0,0,0,0,0,0,0,0,0,0,0,0,0,29.446,0,0,0,0,0,0,0,0,157.267,3100.211
1927,1.062,0.79718283,154.09989,1.4429184,22.183613,457.97298,77.410882,10.047326,4.7093591,22.702569,7.8803399,1.4278827,0.20202532,0,0,0,0,0,0,0,0,0,0,0,0,0,0,0,30.065,0,0,0,0,0,0,0,0,157.267,3100.211
1928,1.065,0.79967141,155.13962,1.4644982,22.570234,460.80254,77.865982,10.114264,4.6944666,22.718789,7.9937361,1.5025036,0.21265824,0,0,0,0,0,0,0,0,0,0,0,0,0,0,0,30.685,0,0,0,0,0,0,0,0,157.267,3100.211
1929,1.145,0.82422601,156.17934,1.4853488,22.956856,463.63211,78.321083,10.181201,4.6795741,22.73501,8.102454,1.5810544,0.22385079,0,0,0,0,0,0,0,0,0,0,0,0,0,0,0,31.573,0,0,0,0,0,0,0,0,157.267,3100.211
1930,1.053,0.89587975,157.21906,1.5048887,23.343477,466.46168,78.776183,10.248138,4.6646815,22.75123,8.2047038,1.6637375,0.23563239,0,0.74681988,0,0,0,0,0,0,0,0,0,0,0,0,0,31.933,0,0,0,0,0,0,0,0,157.267,3100.211
1931,0.93999999,0.90334082,158.34545,1.5226236,23.754956,468.03074,78.909446,10.302469,4.6670964,22.748587,8.298548,1.7507764,0.24803412,0,0.067690547,0,0,0,0,0,0,0,0,0,0.097,0,0,0,32.553,0,0,0,0,0,0,0,0,157.267,3100.211
1932,0.84699999,0.81222597,159.47183,1.5385172,24.166434,469.5998,79.042709,10.356801,4.6695113,22.745943,8.3849848,1.8423953,0.26108852,0,0.073576745,0,0,0,0,0,0,0,0,0,0.097,0,0,0,33.979,0,0,0,0,0,0,0,0,157.267,3100.211
1933,0.89299999,0.80858849,160.59821,1.5526746,24.577913,471.16886,79.175973,10.411132,4.6719262,22.7433,8.4666283,1.9388369,0.27483004,0,0.079974791,0,0,0,0,0,0,0,0,0,0.097,0,0,0,41.893,0,0,0,0,0,0,0,0,157.267,3100.211
1934,0.97299999,0.79686256,161.7246,1.5653127,24.989392,472.73791,79.309236,10.465463,4.674341,22.740656,8.5460922,2.0403528,0.28929476,0,0.086929197,0,0,0,0,0,0,0,0,0,0.194,0,0.117,0,42.817,0,0,0,0,0,0,0,0,157.267,3100.211
1935,1.027,0.79471575,162.85098,1.5771213,25.40087,474.30697,79.442499,10.519794,4.6767559,22.738013,8.6259906,2.1472124,0.30452082,0,0.09448834,0,0,0,0,0,0,0,0,0,0.291,0,0.117,0,43.74,0,0,0,0,0,0,0,0,157.267,3100.211
1936,1.13,0.80129993,163.97736,1.5889151,25.812349,475.87603,79.575762,10.574125,4.6791708,22.735369,8.7089373,2.2596977,0.32054821,0,0.10270482,0,0,0,0,0,0,0,0,0,0.485,0,0.117,0,44.664,0,0,0,0,0,0,0,0,157.267,3100.211
1937,1.209,0.77969902,165.10375,1.6015088,26.223828,477.44509,79.709025,10.628457,4.6815857,22.732726,8.7975462,2.3781004,0.33741917,0,0.11163575,0,0,0,0,0,0,0,0,0,0.776,0,0.234,0,45.588,0,0,0,0,0,0,0,0,157.267,3100.211
1938,1.142,0.78188222,166.23013,1.615717,26.635306,479.01415,79.842288,10.682788,4.6840005,22.730082,8.8944313,2.5027381,0.35517808,0,0.12134333,0,0,0,0,0,0,0,0,0.161,1.164,0,0.234,0,46.512,0,0.165,0,0,0,0,0,0,157.267,3100.211
1939,1.192,0.77944376,167.35651,1.6323545,27.046785,480.58321,79.975552,10.737119,4.6864154,22.727439,9.0022064,2.6339328,0.37387169,0,0.13189502,0,0,0,0,0,0,0,0,0.161,1.649,0,0.351,0,47.436,0,0.33,0,0,0,0,0,0,157.267,3100.211
1940,1.299,0.76683237,168.4829,1.6522358,27.458263,482.15227,80.108815,10.79145,4.6888303,22.724795,9.1234856,2.7720335,0.39354912,0,0.14336429,0,0,0,0,0,0,0,0,0.161,2.231,0,0.468,0,50.781,0,0.496,0,0,0,0,0,0,157.267,3100.211
1941,1.334,0.75036458,170.03046,1.7002044,27.840442,488.55777,81.24331,11.123415,4.693243,22.68764,9.2653861,2.9174066,0.41426223,0,0.15583315,0,0,0,0,0,0,0,0,0.161,2.91,0,0.585,0,52.603,0,0.661,0,0,0,0,0,0,157.267,3100.211
1942,1.342,0.7690497,171.57803,1.7938613,28.22262,494.96327,82.377805,11.45538,4.6976558,22.650484,9.4321173,3.0704314,0.39468287,0,0.16938647,0,0,0,0,0,0,0,0,0.161,3.589,0,0.819,0,53.918,0,0.826,0,0,0,0,0,0,157.267,3100.211
1943,1.391,0.7637656,173.12559,1.9231582,28.604799,501.36878,83.5123,11.787344,4.7020686,22.613328,9.6219311,3.2315097,0.37832187,0,0.18411857,0,0,0,0,0,0,0,0,0.322,4.365,0,1.17,0,54.705,0,0.991,0,0,0,0,0,0,157.267,3100.211
1944,1.383,0.76839864,174.67315,2.0866797,28.986977,507.77428,84.646796,12.119309,4.7064813,22.576173,9.8330792,3.4010636,0.3640764,0,0.20013198,0,0,0,0,0,0,0,0,0.322,5.917,0,1.521,0,55.75,0,1.157,0,0,0,0,0,0,157.267,3100.211
1945,1.16,0.76914739,176.22072,2.280402,29.369156,514.17979,85.781291,12.451274,4.7108941,22.539017,10.063814,3.579544,0.35194679,0,0.21753811,0,0,0,0,0,0,0,0,0.483,7.76,1.868,3.861,0,56.796,0,1.322,0,0,0,0,0,0,157.267,3100.211
1946,1.238,0.84214892,177.76828,2.4903635,29.751334,520.58529,86.915786,12.783238,4.7153069,22.501861,10.312386,3.7674167,0.34193311,0,0.23645812,0,0,0,0,0,0,0,0,0.966,13.483,4.203,6.318,0,59.187,0,1.487,0,0,0,0,0,0,157.267,3100.211
1947,1.392,0.87017994,179.31584,2.7026031,30.133513,526.99079,88.050281,13.115203,4.7197196,22.464705,10.577048,3.9651774,0.33403572,0,0.25702368,0,0,0,0,0,0,0,0,2.093,20.661,5.137,6.903,0,67.278,0,1.652,0,0,0,0,0,0,157.267,3100.211
1948,1.469,0.87513044,180.86341,2.9031595,30.515691,533.3963,89.184777,13.447168,4.7241324,22.42755,10.856052,4.1733472,0.32825472,0,0.27937786,0,0,0,0,0,0,0,0,3.703,24.056,6.071,7.254,0,68.369,0,1.817,0,0,0,0,0,0,157.267,3100.211
1949,1.419,0.88212641,182.41097,3.0780722,30.897869,539.8018,90.319272,13.779132,4.7285452,22.390394,11.14765,4.3924702,0.32459037,0,0.30367628,0,0,0,0,0,0,0,0,6.118,25.802,6.538,7.722,0,74.34,0,1.983,0,0,0,0,0,0,157.267,3100.211
1950,1.63,0.89233465,183.95853,3.2133815,31.280048,546.20731,91.453767,14.111097,4.7329579,22.353238,11.450093,4.62313,0.32304286,0,0.33008802,0,0,0,0,0,0,0,0.26190788,8.855,28.615,7.939,8.073,0,65,0,2.148,0,0,0,0,0,0,157.267,3100.211
1951,1.768,1.0885201,189.11003,3.3186021,32.866948,558.44614,94.848353,14.528488,4.7733276,22.541288,11.784634,4.865916,0.32361242,0,0.35878218,0,0,0,0,0,0,0,0.26198971,8.158,33.854,1.889,7.102,0,65,0,2.313,0,0,0,0,0,0,157.267,3100.211
1952,1.796,1.1096378,194.26153,3.4111061,34.453849,570.68497,98.242938,14.945879,4.8136973,22.729338,12.1691,5.121479,0.32629927,0,0.38997068,0,0,0,0,0,0,0,0.26207156,11.742,35.2,2.139,7.288,0,70,0,2.478,0,0,0,0,0,0,157.927,3117.785
1953,1.841,1.1045171,199.41303,3.4887221,36.040749,582.9238,101.63752,15.36327,4.854067,22.917388,12.596604,5.3904959,0.3311036,0,0.42387036,0,0,0,0,0,0,0,0.26215339,15.985,39.582,2.437,7.43,0,75,0,2.644,0,0,0,0,0,0,158.604,3137.148
1954,1.865,1.1521416,204.56453,3.5543489,37.62765,595.16263,105.03211,15.780661,4.8944367,23.105438,13.060259,5.6736692,0.33802563,0,0.4607169,0,0,0,0,0,0,0,0.26223522,19.855,44.802,2.785,7.431,0,80,1.214,2.809,0,0,0,0,0,0,159.3,3158.216
1955,2.043,1.1911855,209.71603,3.614111,39.21455,607.40145,108.4267,16.198052,4.9348064,23.293487,13.553179,5.9717491,0.34706557,0,0.5007665,0,0,0,0,0,0,0,0.26231705,24.604,50.343,3.233,7.388,0,85,3.512,2.974,0,0,0,0,0,0,160.014,3180.749
1956,2.178,1.2446883,214.86753,3.6706801,40.801451,619.64028,111.82128,16.615443,4.9751761,23.481537,14.068475,6.2855162,0.35822365,0,0.54429755,0,0,0,0,0,0,0,0.26239889,30.685,58.664,3.73,7.302,0,90,6.224,3.48,0,0,0,0,0,0,160.748,3204.498
1957,2.27,1.2718718,220.01902,3.7267318,42.388351,631.87911,115.21587,17.032834,5.0155458,23.669587,14.599262,6.6157969,0.37150001,0,0.5916127,0,0,0,0,0,0,0,0.26248072,34.375,66.689,4.227,7.25,0,95,9.469,4.251,0,0,0,0,0,0,161.502,3229.071
1958,2.33,1.3195817,225.17052,3.7849451,43.975252,644.11794,118.61045,17.450225,5.0559155,23.857637,15.138652,6.9634615,0.38689499,0,0.64304094,0,0,0,0,0,0,0,0.26256255,32.235,69.93,4.824,7.221,0,100,10.772,6.008,0,0,0,0,0,0,162.277,3254.039
1959,2.462,1.2035957,230.32202,3.8480013,45.562152,656.35677,122.00504,17.867616,5.0962852,24.045686,15.679758,7.3294266,0.40440867,0,0.69893975,0,0,0,0,0,0,0,0.26264438,33.015,78.149,5.57,7.176,0,105,14.717,7.06,0,0,0,0,0,0,163.073,3278.967
1960,2.577,1.1922833,235.47352,3.9185827,47.149053,668.5956,125.39962,18.285007,5.1366549,24.233736,16.215694,7.7146508,0.42404135,0,0.75969781,0,0,0,0,0,0,0,0.52463411,43.342,93.09,6.366,6.6,0,110,18.348,7.659,0,0,0,0,0,0,163.892,3303.389
1961,2.594,1.2443218,238.52217,4.0240052,48.77076,682.67558,129.24133,18.959141,5.1795997,24.502237,16.759267,8.1201607,0.4457932,0,0.82576341,0,0,0,0,0,0,0,0.52479777,55.722,104.6,7.212,6.88,0,115,20.077,9.426,0,0,0,0,0,0,164.735,3326.864
1962,2.7,1.2355717,241.57083,4.1836477,50.392468,696.75555,133.08303,19.633274,5.2225445,24.770737,17.326046,8.5470132,0.46966444,0,0.8975743,0,0,0,0,0,0,0,0.78686933,69.881,120.668,8.248,7.168,0,119,28.22,11.573,0,0,0,0,0,0,165.601,3349.069
1963,2.848,1.2442947,244.61948,4.3883117,52.014176,710.83553,136.92473,20.307407,5.2654893,25.039238,17.913289,14.984956,0.49565531,0,0.97563006,0,0,0,0,0,0,0,0.52520694,85.539,141.744,9.476,7.421,0,123,31.46,14.396,0,0,0.005,0.001,0.001,0.007,166.493,3369.713
1964,3.008,1.2515879,247.66813,4.6374693,53.635884,724.91551,140.76643,20.981541,5.3084341,25.307738,18.518251,13.488099,0.52376596,0,1.0604738,0,0,0,0,0,0,0,0.52537061,101.538,164.921,10.853,7.692,0.225,127,36.197,16.782,0,0,0.014,0.002,0.003,0.014,167.41,3388.628
1965,3.145,1.2642558,250.71679,4.8968181,55.257592,738.99548,144.60813,21.655674,5.3513789,25.576239,19.138189,13.488369,0.55399667,0,1.1526958,0,0,0,0,0,0,0,0.52553427,115.75,185.933,12.426,7.975,0.444,127,48.096,20.514,0,0,0.032,0.005,0.005,0.028,168.355,3405.698
1966,3.305,1.2936968,253.76544,5.195583,56.8793,753.07546,148.44984,22.329807,5.3943237,25.844739,19.770361,13.488639,0.58634761,0,1.2529377,0,0,0,0,0,0,0,0.52569795,129.623,208.571,14.246,8.305,0.633,127,69.567,24.512,0,0,0.058,0.008,0.008,0.048,169.328,3420.923
1967,3.411,1.2976254,256.81409,5.457478,58.501008,767.15544,152.29154,23.003941,5.4372685,26.11324,20.412021,13.488909,0.62081899,0,1.361897,0,0,0,0,0,0,0,1.0496773,147.119,235.269,16.313,8.623,0.825,127,94.137,29.817,0,0,0.1,0.013,0.013,0.075,170.329,3434.335
1968,3.588,1.2352028,259.86274,5.619744,60.122716,781.23541,156.13324,23.678074,5.4802133,26.381741,21.060427,13.48918,0.65741104,0,1.4803317,0,0,0,0,0,0,0,0.52618894,167.586,263.953,18.678,8.974,1.043,127,114.767,36.216,0,0,0.158,0.019,0.016,0.109,171.36,3446.065
1969,3.8,1.2383879,262.9114,5.784831,61.744424,795.31539,159.97494,24.352208,5.5231581,26.650241,21.712835,13.489449,0.69612398,0,1.6090657,0,0,0,0,0,0,0,0.7882605,194.513,294.486,21.388,9.344,1.283,127,134.875,39.381,0,0,0.229,0.026,0.024,0.15,172.423,3456.224
1970,4.076,1.1971129,265.96005,5.9368752,63.366132,809.39537,163.81664,25.026341,5.5661029,26.918742,22.366503,11.992564,0.73695798,0,1.7489948,0,0,0.05544628,0,0.35640391,0,0,0.78850599,221.119,321.743,24.494,9.687,1.537,127,141.326,43.652,0,0,0.329,0.035,0.043,0.197,173.518,3464.95
1971,4.231,1.0708913,270.02505,5.6049759,63.545863,825.18291,167.16131,25.809673,5.7038725,27.221794,23.042459,13.489967,0.7799133,0,1.901128,0,0,0.057318506,0,0.36316592,0,0,1.0506594,243.137,346.609,28.094,10.052,1.803,127,170.133,47.746,0,0.613,0.461,0.044,0.1,0.252,174.646,3472.409
1972,4.399,1.0470621,274.09004,5.9181309,63.725594,840.97046,170.50597,26.593006,5.8416421,27.524846,23.75562,13.490244,0.82499011,0,2.066494,0,0,0.059192895,0,0.36993573,0,0,0.78907883,274.26,378.471,32.236,10.471,2.127,127,214.168,54.79,0,0.613,0.63,0.055,0.17,0.313,175.809,3478.741
1973,4.6349999,1.0330987,278.15504,6.0449043,63.905326,856.758,173.85064,27.376338,5.9794117,27.827898,24.494072,13.490523,0.87218868,0,2.2462442,0,0,0.061069449,0,0.37671337,0,0,1.0512322,314.04,419.239,36.92,10.883,2.495,127,266.209,61.912,0,0.613,0.839,0.067,0.277,0.391,177.007,3484.114
1974,4.644,1.0387371,282.22003,5.9406002,64.085057,872.54555,177.19531,28.159671,6.1171813,28.13095,25.2459,11.993645,0.9215092,0,2.4416297,0,0,0.062948171,0,0.38349883,0,0,1.0515595,345.881,454.701,42.295,11.29,2.921,127,305.489,62.543,0,0.613,1.086,0.08,0.372,0.468,178.243,3488.632
1975,4.615,1.0315876,286.28503,6.1409693,64.264788,888.3331,180.53997,28.943004,6.2549509,28.434002,25.999188,13.49105,0.97295172,0,2.6540105,0,0,0.064829061,0,0.39029213,0,0,1.0518869,335.741,442.834,48.505,11.734,3.391,127,308.992,70.487,0,0.613,1.365,0.095,0.524,0.544,179.517,3492.425
1976,4.883,1.0906077,290.35002,6.3042588,64.444519,904.12064,183.88464,29.726336,6.3927205,28.737055,26.742024,13.491328,1.0265167,0,2.8848647,0,0,0.066712124,0,0.39709328,0,0,1.57603,343.24,432.28,55.552,12.2,3.943,127,382.3,78.51,0,0.613,1.767,0.11,0.783,0.621,180.83,3495.619
1977,5.029,1.0939874,294.41502,6.534405,64.624251,919.90819,187.2293,30.509669,6.5304901,29.040107,27.462492,11.994452,1.0822044,0,3.5660804,0,0,0.068597361,0,0.40390227,0,0,1.8384289,330.711,419.447,63.634,12.68,4.582,127,462.112,85.789,0,0.613,2.035,0.127,1.006,0.697,182.185,3498.281
1978,5.105,1.09037,298.48002,6.6193729,64.803982,935.69573,190.57397,31.293001,6.6682597,29.343159,28.148677,13.491857,1.1400146,0,3.7964008,0,0,0.070484772,0,0.05429956,0,0,2.3628175,359.009,424.498,72.896,13.168,5.337,127,587.319,92.012,0,0.613,2.454,0.145,1.253,0.774,183.581,3500.505
1979,5.387,1.0647127,302.54501,7.007773,64.983713,951.48328,193.91864,32.076334,6.8060293,29.646211,28.788664,11.994981,1.1999481,0,4.0275411,0,0,0.072374362,0,0.054330947,0,0,2.8873698,274.357,357.266,83.489,13.661,6.228,127,489.712,99.321,0,0.613,2.928,0.161,1.548,0.85,185.022,3502.36
1980,5.332,1.0252096,306.61001,7.0613923,65.163444,967.27082,197.2633,32.859666,6.9437989,29.949263,29.37054,13.492387,1.2620043,0,4.2595023,0,0,0.018814427,0,0.76720931,0,0,3.1501778,304.998,432.044,95.641,14.194,7.006,121.849,550.707,104.973,0,0.613,3.453,0.185,1.805,0.927,186.506,3503.915
1981,5.168,1.0448621,310.01251,6.8417522,65.043883,980.4447,199.79888,33.357242,7.0210048,30.456334,29.931853,11.995499,1.3261846,0,4.4921574,0,0,0.066288365,0,0.78079292,0,0,3.4130677,289.529,386.347,104.421,14.121,7.743,110.093,505.097,106.406,0,1.25,3.946,0.206,2.139,1.003,188.038,3505.193
1982,5.127,1.1904055,313.415,7.1189858,64.924321,993.61858,202.33446,33.854818,7.0982107,30.963404,30.508393,13.492893,1.392488,0,4.7256142,0,0,0.073594133,0,0.081528294,0,0,3.6760394,252.419,400.317,108.943,13.905,8.399,123.807,505.343,116.821,0,0.961,4.522,0.229,2.645,1.105,189.616,3506.255
1983,5.11,1.2255201,316.8175,7.2168971,64.80476,1006.7925,204.87003,34.352393,7.1754165,31.470475,31.085608,11.996004,1.4609153,0,4.9598729,0,0,0.073496743,0,0.79436576,0,0,3.939093,299.092,408.416,120.93,14.252,9.207,135.729,553.718,125.343,0,1.165,5.168,0.249,2.98,1.183,191.243,3507.154
1984,5.29,1.2600833,320.22,7.0481314,64.685199,1019.9663,207.40561,34.849969,7.2526224,31.977546,31.648945,11.996242,1.5314669,0,5.1949332,0,0,0.018263078,0,0.80794309,0,0,3.9403205,310.901,432.125,177.397,14.781,9.71,134.867,569.476,130.447,0,1.331,6.032,0.269,3.475,1.262,192.92,3507.882
1985,5.444,1.2753449,323.6225,7.0169243,64.565637,1033.1402,209.94119,35.347545,7.3298282,32.484616,32.183851,11.99648,1.6041426,0,5.4307947,0,0,-0.080681159,0,0.10867413,0,0,4.7272717,315.327,407.669,128.622,15.705,9.792,109.714,546.714,138.367,0,1.011,7.083,0.289,3.997,1.355,194.648,3508.496
1986,5.61,1.2872023,327.025,7.0704917,64.446076,1046.3141,212.47677,35.845121,7.4070341,32.991687,32.675774,13.493874,1.678943,0,5.6674573,0,0,0.075292049,0,0.82150728,0,0,4.9906525,388.346,502.712,169.103,16.379,10.152,149.931,539.076,146.048,0,3.575,8.22,0.309,4.579,1.434,196.427,3508.999
1987,5.753,1.2940086,330.42749,7.4616728,64.326514,1059.488,215.01235,36.342696,7.48424,33.498757,33.110161,11.996986,1.7558675,0,5.9049208,0,0,0.17780496,0,1.5479209,0,0,4.7302994,387.277,453.238,250.222,16.667,10.807,115.608,647.608,162.883,0,3.773,9.656,0.329,5.109,1.504,198.259,3509.425
1988,5.964,1.3167248,333.82999,7.2025077,64.206953,1072.6618,217.54792,36.840272,7.5614458,34.005828,33.472458,11.997224,1.8349176,0,6.1431847,0,0,0.18118326,0,0.86222749,0,0,4.9936804,303.816,507.99,245.07,16.593,11.493,135.667,635.816,180.113,0,4.458,11.362,0.349,5.696,1.728,200.146,3509.774
1989,6.089,1.3236436,337.23249,7.3310397,64.087391,1085.8357,220.0835,37.337848,7.6386517,34.512898,33.748114,11.997462,1.9160924,0,6.3822492,0,0,0.18829422,0.94505787,0.87579234,0,0,5.519051,301.477,385.52,204.109,15.725,12.26,118.146,564.767,186.15,0,6.174,11.605,0.369,5.482,1.73,202.087,3510.061
1990,6.144,1.3194833,340.63499,7.5856812,63.96783,1099.0096,222.61908,37.835424,7.7158575,35.019969,33.922575,11.997683,2.0735678,0,6.6218233,0,0,0.18594167,1.0101542,0.88920979,0,0,5.5207695,291.464,405.617,203.131,14.022,12.363,143.171,694.142,195.69,0,11.322,11.702,0.389,5.119,1.73,204.082,3510.299
1991,6.235,1.3809799,336.59218,7.4023631,62.955167,1095.9087,221.41947,37.868111,7.7247518,35.072322,34.026024,11.997905,2.3729101,0,6.8621776,0,0,0.19092079,2.1776448,0.90261206,0.004710024,0,5.7843959,190.405,309.884,198.928,13.243,12.135,70.607,573.576,204.801,0,16.556,11.426,0.409,4.094,1.735,206.133,3510.501
1992,6.118,1.3035304,332.54937,7.7989323,61.942504,1092.8078,220.21986,37.900799,7.733646,35.124675,34.113528,11.998111,2.3731469,0,7.102985,0,0,0.28889991,4.2079892,1.6286536,0.004710028,0,5.7861962,203.23,303.369,121.343,10.324,12.018,91.022,554.986,185.994,0,20.911,9.343,0.429,2.74,1.715,208.24,3510.656
1993,6.124,1.2981006,328.50656,7.3131034,60.929841,1089.707,219.02026,37.933487,7.7425403,35.177028,34.207861,11.998354,2.3733837,0,7.3453102,0,0,0.3768163,8.4161579,2.3685965,0.18499007,0,6.3118123,144.94,228.999,67.857,8.322,11.681,85.436,372.232,188.092,23.101,22.5,10.23,0.509,3.344,1.7,210.402,3510.801
1994,6.242,1.2895956,324.46375,7.5072841,59.917178,1086.6061,217.82065,37.966174,7.7514345,35.229381,34.331799,11.998587,2.3736205,0,7.588207,0,0,1.8251048,21.399077,3.8347584,0.1819901,0,5.0042369,127.137,232.722,61.065,6.105,11.011,77.289,244.236,179.101,33.844,25.599,9.105,0.589,4.75,1.68,212.619,3510.907
1995,6.372,1.2750104,320.42094,7.6191035,58.904515,1083.5052,216.62104,37.998862,7.7603288,35.281735,34.508115,10.501674,2.3738573,0,10.211528,0,0,2.9802177,29.726101,6.0409628,0.099994794,0,6.0534232,119.235,194.71,22.978,4.784,9.083,85.021,201.637,243.238,41.961,24.275,10.035,0.669,3.991,1.3,200.199,3511.005
1996,6.51,1.2511025,316.37814,7.6520638,57.891852,1080.4043,215.42143,38.03155,7.769223,35.334088,34.960533,11.999071,2.3740941,0,10.248182,0,0,3.4188812,40.584859,6.1499876,0.43697783,0,6.0553054,115.437,178.907,27.962,2.943,7.019,70.403,89.184,211.181,51.431,26.411,10.743,0.729,2.691,0.85,201.834,3511.082
1997,6.619,1.2181397,312.33533,7.9097526,56.879189,1077.3034,214.22182,38.064237,7.7781173,35.386441,35.833672,11.999322,2.3743309,0,10.284399,0,0,5.354049,50.643567,6.2587493,0.40797848,0,4.4857403,95.388,160.981,18.663,1.886,5.429,74.423,62.53,208.614,46.639,22.493,9.909,0.789,2.594,0.7,207.696,3511.082
1998,6.588,1.2148431,308.29252,7.8957263,55.866526,1074.2026,213.02222,38.096925,7.7870115,35.438794,37.03165,11.999575,2.3745677,0,10.320704,0.087305408,0,7.2031812,59.652126,6.3676829,0.92795208,0,4.7490393,92.401,152.715,14.831,1.199,4.223,84.361,29.412,249.912,58.131,27.683,9.837,0.607,2.491,0.71,206.946,3511.082
1999,6.569,1.1827892,304.24971,7.5269849,54.853863,1071.1017,211.82261,38.129612,7.7959058,35.491147,38.458587,10.502692,2.3748045,0,10.357655,0.78573737,0,8.1531677,67.043997,6.4775249,1.35393,0,6.3219597,94.931,145.169,14.362,0.784,3.32,69.242,24.668,230.91,55.817,28.047,9.806,0.467,2.39,0.631,195.938,3511.082
2000,6.826918919,1.189794595,310.187,6.00199375,55.5745,886.565,195.324,50.19740741,7.4574,27.982,54.5096,9.9232,2.8154,0.8271,9.2978,1.4115,0.5742,10.6407,99.6574,8.5988,0.8632,0.034,5.2735,76.3301,122.766,9.4044,3.9867,2.3476,72.6514,19.4712,263.606,56.3417,25.7302,9.4801,0,1.9694,0.7715,165.259,5074.27
2001,6.890243243,0.952559459,312.896,6.07640625,55.962,881.67,196.188,50.33555556,7.5918,27.878,54.7099,10.5933,3.0481,0.7137,8.984,1.654,0.6387,11.0753,96.2433,9.8521,0.9428,0.8062,5.3282,68.2715,111.641,5.9591,3.2771,1.16,70.657,19.8069,261.606,56.3688,24.4905,8.8338,0,2.3248,0.7461,165.599,5094.23
2002,7.02972973,1.060364865,322.279,6.24485625,55.601,970.724,218.46,50.97037037,8.0465,33.8082,57.0767,11.9822,3.4534,0.6429,9.7209,2.8038,0.7333,12.2145,102.733,11.6176,1.2108,2.9171,5.4976,63.4848,101.905,3.1514,2.4206,0.9501,70.4567,12.3027,270.322,50.8432,25.1561,8.3686,0,2.2798,0.6766,161.141,5096.59
2003,7.353351351,0.892383784,328.124,6.312375,57.552,944.747,214.403,51.92333333,8.2417,34.3622,57.6904,12.5799,3.1633,0.5721,11.0054,4.7857,0.8537,15.6405,117.406,13.1148,1.5605,5.2265,5.5417,62.278,97.8448,5.7693,1.7336,0.7451,69.839,10.1229,287.309,44.4412,25.0709,8.0831,0,2.0263,0.602,158.928,5113.75
2004,7.737567568,1.028237838,338.942,6.471625,60.247,945.547,216.687,54.2037037,8.5425,32.3303,58.1136,12.1949,2.203,0.4871,12.7126,5.4873,0.9741,15.7589,125.651,13.0975,2.051,6.6512,5.648,60.9668,87.6541,9.2168,1.473,0.7567,66.9986,9.747,307.577,49.1358,28.5549,7.5268,0,2.1193,0.5529,156.217,5141.44
2005,8.01572973,1.015802703,346.396,6.572875,62.4905,950.592,218.788,55.5,8.8401,32.724,58.8834,11.0608,1.948,0.4162,14.6265,6.3607,1.0846,16.1437,126.492,12.4343,2.3655,7.0792,6.2799,60.3312,71.9566,4.6297,1.814,0.5807,63.1956,7.5405,329.525,53.9555,33.4475,6.9433,0,1.8948,0.4697,154.123,5209.98
2006,8.277810811,1.082143243,356.47,6.751625,62.948,986.151,229.895,56.73703704,8.9256,34.3551,60.3797,10.2173,2.0454,0.3596,12.6398,8.3862,1.1852,19.8911,133.41,14.1185,2.3532,6.8754,6.9409,63.0372,65.5753,0.6451,1.751,0.5871,60.0481,9.319,346.305,51.9116,36.4898,6.3118,0,1.5902,0.4358,152.415,5272.27
2007,8.59772973,0.956927027,355.023,6.4771875,62.544,945.87,219.706,58.55148148,9.2845,33.2773,60.9658,9.3272,1.7666,0.2887,9.3263,8.403,1.2649,26.5952,127.257,16.3997,2.4154,6.6981,6.9754,64.7375,61.6238,4.5089,1.5546,0.7828,57.2572,9.6981,357.265,49.9535,37.1097,5.7707,0,1.7022,0.5916,147.289,5250.68
2008,8.649216216,0.661916216,360.492,6.5185625,61.1805,912.51,214.695,58.43518519,9.0919,31.619,61.3164,9.0353,1.746,0.2745,8.8123,10.6694,1.3165,30.8156,138.287,17.5441,2.6197,7.076,6.8835,63.0609,57.1085,8.3395,1.9164,0.457,56.8377,6.3376,362.724,54.8815,33.0916,5.5738,0,1.6171,0.6384,144.473,5191.69
2009,8.502486486,0.747610811,364.2,6.5916875,58.6295,917.729,218.758,56.54703704,9.1095,31.7725,61.378,9.6855,1.7996,0.2604,9.9336,16.2233,1.4335,33.9269,160.108,21.1428,2.9667,7.8522,7.1599,60.0651,54.7882,5.7877,1.6755,0.3835,55.3553,3.7694,366.556,61.5063,32.0814,5.2571,0,1.7273,0.4772,144.243,5145.27
2010,8.889297297,0.876605405,370.896,6.587375,58.1585,953.229,224.602,57.56296296,9.6651,34.6105,62.4445,10.4895,1.7742,0.2321,11.2476,15.9145,1.3376,35.0695,165.044,20.4609,3.1827,8.7779,7.2759,58.8601,52.2712,4.407,1.4644,0.659,56.0909,2.4615,361.747,65.2095,29.8518,4.8976,0,1.8512,0.3966,142.674,5179.97
2011,9.167027027,0.904875676,372.658,6.529,58.743,906.767,218.629,58.99111111,9.4789,32.5183,62.3987,11.0568,1.8468,0.2322,12.4982,20.4152,1.1291,43.3304,190.477,22.1586,3.4106,9.4655,7.4657,62.4156,52.1207,4.6238,2.0468,0.856,57.5659,3.0036,366.944,67.6906,28.6456,4.3362,0,2.0962,0.3911,140.422,5252.93
2012,9.296459459,0.961362162,380.81,6.6211875,57.835,949.602,229.107,58.60740741,9.7053,35.8269,63.8485,9.661,1.795,0.2323,12.5916,24.0671,0.9855,45.815,205.006,21.423,3.2771,9.0542,7.7063,70.2352,53.3588,5.4529,2.052,0.7169,59.4649,3.0097,356.29,63.3115,25.4683,3.838,0,1.7329,0.4159,136.715,5232.33
2013,9.566567568,0.90982973,381.594,6.724375,57.324,901.239,219.381,57.79185185,9.5605,33.2456,63.651,8.3027,1.6325,0.2323,11.6042,21.4529,0.8723,38.8888,202.018,23.8069,2.9986,9.7859,7.6862,75.7408,54.8199,6.5168,1.9409,0.6133,62.5129,1.8384,342.898,59.8178,19.4671,3.5746,0,0.9626,0.4444,133.393,5231.23
2014,9.625837838,1.085235135,387.874,6.7914375,57.0045,964.048,233.526,57.64444444,9.7444,36.1458,65.0369,9.8735,1.6517,0.2997,12.991,30.4858,1.1516,57.1243,200.025,25.2487,3.5393,10.1025,7.8784,54.9365,28.9612,2.8024,1.6696,1.1149,53.5475,1.2625,358.881,59.82,22.47,3.481,0,1.2299,0.3854,133.679,5358.5
2015,9.631162162,0.950659459,388.073,6.8125,50.3855,934.35,227.245,57.6,9.7274,34.746,65.2797,10.8699,1.57,0.35,14.4857,38.5792,1.1516,78.7906,201.953,32.381,3.6633,11.7285,8.02,43.5734,14.6096,0.8742,1.6696,1.6714,47.5476,0,358.881,59.82,22.47,3.2933,0,1.3378,0.3481,133.823,5404.81
2016,9.557369415,0.752546302,371.4103613,6.757507167,48.04178,901.92874,218.3442,57.11619048,9.3051,33.5335,62.78105143,9.55394,1.5168,0.31688,11.81904,42.99176,2.36638,76.45058,212.61658,47.80244,3.63986,12.12446,7.1277,41.88082,12.88774,0.78156,1.51524,1.61422,45.01716,0,351.625,60.84288,21.99016,3.07158,0,1.29166,0.33428,133.4336,5377.546
2017,9.483576669,0.554433144,354.7477227,6.702514334,45.69806,869.50748,209.4434,56.63238095,8.8828,32.321,60.28240286,8.23798,1.4636,0.28376,9.15238,47.40432,3.58116,74.11056,223.28016,63.22388,3.61642,12.52042,6.2354,40.18824,11.16588,0.68892,1.36088,1.55704,42.48672,0,344.369,61.86576,21.51032,2.84986,0,1.24552,0.32046,133.0442,5350.282
2018,9.409783922,0.356319986,338.085084,6.6475215,43.35434,837.08622,200.5426,56.14857143,8.4605,31.1085,57.78375429,6.92202,1.4104,0.25064,6.48572,51.81688,4.79594,71.77054,233.94374,78.64532,3.59298,12.91638,5.3431,38.49566,9.44402,0.59628,1.20652,1.49986,39.95628,0,337.113,62.88864,21.03048,2.62814,0,1.19938,0.30664,132.6548,5323.018
2019,9.335991175,0.158206828,321.4224453,6.592528667,41.01062,804.66496,191.6418,55.6647619,8.0382,29.896,55.28510571,5.60606,1.3572,0.21752,3.81906,56.22944,6.01072,69.43052,244.60732,94.06676,3.56954,13.31234,4.4508,36.80308,7.72216,0.50364,1.05216,1.44268,37.42584,0,329.857,63.91152,20.55064,2.40642,0,1.15324,0.29282,132.2654,5295.754
2020,9.262198428,-0.03990633,304.7598067,6.537535834,38.6669,772.2437,182.741,55.18095238,7.6159,28.6835,52.78645714,4.2901,1.304,0.1844,1.1524,60.642,7.2255,67.0905,255.2709,109.4882,3.5461,13.7083,3.5585,35.1105,6.0003,0.411,0.8978,1.3855,34.8954,0,322.601,64.9344,20.0708,2.1847,0,1.1071,0.279,131.876,5268.49
2021,9.29864565,-0.064139849,307.5418255,6.591012893,37.93825,761.78891,181.72893,54.73399365,7.55542,28.4799,53.01892,4.354307513,1.323327513,0.171627513,1.1063,61.78133,7.31549,70.84598,256.5563612,114.07415,3.61521,14.51182,3.6318216,33.87909,5.50149,0.37899,0.83396,1.34214,33.28538,0,304.6719,63.8402,19.22657,2.06237,0,1.07222,0.26903,131.5538,5240.394
2022,9.335092871,-0.088373367,310.3238444,6.644489953,37.2096,751.33412,180.71686,54.28703492,7.49494,28.2763,53.25138286,4.418515025,1.342655025,0.158855025,1.0602,62.92066,7.40548,74.60146,257.8418223,118.6601,3.68432,15.31534,3.7051432,32.64768,5.00268,0.34698,0.77012,1.29878,31.67536,0,286.7428,62.746,18.38234,1.94004,0,1.03734,0.25906,131.2316,5212.298
2023,9.371540092,-0.112606885,313.1058633,6.697967012,36.48095,740.87933,179.70479,53.84007619,7.43446,28.0727,53.48384571,4.482722538,1.361982538,0.146082538,1.0141,64.05999,7.49547,78.35694,259.1272835,123.24605,3.75343,16.11886,3.7784648,31.41627,4.50387,0.31497,0.70628,1.25542,30.06534,0,268.8137,61.6518,17.53811,1.81771,0,1.00246,0.24909,130.9094,5184.202
2024,9.407987313,-0.136840404,315.8878822,6.751444072,35.7523,730.42454,178.69272,53.39311746,7.37398,27.8691,53.71630857,4.546930051,1.381310051,0.133310051,0.968,65.19932,7.58546,82.11242,260.4127446,127.832,3.82254,16.92238,3.8517864,30.18486,4.00506,0.28296,0.64244,1.21206,28.45532,0,250.8846,60.5576,16.69388,1.69538,0,0.96758,0.23912,130.5872,5156.106
2025,9.444434534,-0.161073922,318.6699011,6.804921131,35.02365,719.96975,177.68065,52.94615873,7.3135,27.6655,53.94877143,4.611137564,1.400637564,0.120537564,0.9219,66.33865,7.67545,85.8679,261.6982058,132.41795,3.89165,17.7259,3.925108,28.95345,3.50625,0.25095,0.5786,1.1687,26.8453,0,232.9555,59.4634,15.84965,1.57305,0,0.9327,0.22915,130.265,5128.01
2026,9.471228223,-0.186985965,321.3310454,6.8586798,34.295,709.51496,176.66858,52.4992,7.25302,27.4619,54.18123429,4.672063281,1.416683281,0.104483281,0.8758,67.47798,7.76544,89.62338,262.3869758,137.0039,3.96076,18.52942,3.9971061,27.72204,3.00744,0.21894,0.51476,1.12534,25.23528,0,215.0264,58.3692,15.00542,1.45072,0,0.89782,0.21918,129.9428,5099.914
2027,9.498021911,-0.212898009,323.9921898,6.912438469,33.56635,699.06017,175.65651,52.05224127,7.19254,27.2583,54.41369714,4.732988998,1.432728998,0.088428998,0.8297,68.61731,7.85543,93.37886,263.0757458,141.58985,4.02987,19.33294,4.0691042,26.49063,2.50863,0.18693,0.45092,1.08198,23.62526,0,197.0973,57.275,14.16119,1.32839,0,0.86294,0.20921,129.6206,5071.818
2028,9.5248156,-0.238810052,326.6533342,6.966197139,32.8377,688.60538,174.64444,51.60528254,7.13206,27.0547,54.64616,4.793914716,1.448774716,0.072374716,0.7836,69.75664,7.94542,97.13434,263.7645158,146.1758,4.09898,20.13646,4.1411023,25.25922,2.00982,0.15492,0.38708,1.03862,22.01524,0,179.1682,56.1808,13.31696,1.20606,0,0.82806,0.19924,129.2984,5043.722
2029,9.551609288,-0.264722096,329.3144786,7.019955808,32.10905,678.15059,173.63237,51.15832381,7.07158,26.8511,54.87862286,4.854840433,1.464820433,0.056320433,0.7375,70.89597,8.03541,100.88982,264.4532858,150.76175,4.16809,20.93998,4.2131004,24.02781,1.51101,0.12291,0.32324,0.99526,20.40522,0,161.2391,55.0866,12.47273,1.08373,0,0.79318,0.18927,128.9762,5015.626
2030,9.578402976,-0.290634139,331.9756229,7.073714477,31.3804,667.6958,172.6203,50.71136508,7.0111,26.6475,55.11108571,4.915766151,1.480866151,0.040266151,0.6914,72.0353,8.1254,104.6453,265.1420558,155.3477,4.2372,21.7435,4.2850985,22.7964,1.0122,0.0909,0.2594,0.9519,18.7952,0,143.31,53.9924,11.6285,0.9614,0,0.7583,0.1793,128.654,4987.53
2031,9.500775308,-0.281598628,331.8979351,7.102376897,30.95234,659.42014,172.00391,50.45641905,6.95612,26.40977,55.23439643,4.883412492,1.466292492,0.034282492,0.6636,72.90294,8.24933,104.84949,260.9053721,155.65224,4.24764,21.85426,4.27120728,21.99688,0.92805,0.08382,0.24097,0.92215,17.92802,0,131.00788,51.76981,10.82566,0.90757,0,0.7344,0.1729,128.6079,4985.101
2032,9.42314764,-0.272563116,331.8202473,7.131039317,30.52428,651.14448,171.38752,50.20147302,6.90114,26.17204,55.35770714,4.851058833,1.451718833,0.028298833,0.6358,73.77058,8.37326,105.05368,256.6686883,155.95678,4.25808,21.96502,4.25731606,21.19736,0.8439,0.07674,0.22254,0.8924,17.06084,0,118.70576,49.54722,10.02282,0.85374,0,0.7105,0.1665,128.5618,4982.672
2033,9.345519972,-0.263527605,331.7425594,7.159701737,30.09622,642.86882,170.77113,49.94652698,6.84616,25.93431,55.48101786,4.818705175,1.437145175,0.022315175,0.608,74.63822,8.49719,105.25787,252.4320045,156.26132,4.26852,22.07578,4.24342484,20.39784,0.75975,0.06966,0.20411,0.86265,16.19366,0,106.40364,47.32463,9.21998,0.79991,0,0.6866,0.1601,128.5157,4980.243
2034,9.267892304,-0.254492093,331.6648716,7.188364157,29.66816,634.59316,170.15474,49.69158095,6.79118,25.69658,55.60432857,4.786351516,1.422571516,0.016331516,0.5802,75.50586,8.62112,105.46206,248.1953208,156.56586,4.27896,22.18654,4.22953362,19.59832,0.6756,0.06258,0.18568,0.8329,15.32648,0,94.10152,45.10204,8.41714,0.74608,0,0.6627,0.1537,128.4696,4977.814
2035,9.190264636,-0.245456582,331.5871838,7.217026577,29.2401,626.3175,169.53835,49.43663492,6.7362,25.45885,55.72763929,4.753997858,1.407997858,0.010347858,0.5524,76.3735,8.74505,105.66625,243.958637,156.8704,4.2894,22.2973,4.2156424,18.7988,0.59145,0.0555,0.16725,0.80315,14.4593,0,81.7994,42.87945,7.6143,0.69225,0,0.6388,0.1473,128.4235,4975.385
2036,9.122401595,-0.240215311,331.6957532,7.247173225,28.81204,618.04184,168.92196,49.18168889,6.68122,25.22112,55.85095,4.72776859,1.39954859,0.01048859,0.5246,77.24114,8.86898,105.87044,241.3078653,157.17494,4.29984,22.40806,4.2061082,17.99928,0.5073,0.04842,0.14882,0.7734,13.59212,0,69.49728,40.65686,6.81146,0.63842,0,0.6149,0.1409,128.3774,4972.956
2037,9.054538554,-0.234974039,331.8043226,7.277319872,28.38398,609.76618,168.30557,48.92674286,6.62624,24.98339,55.97426071,4.701539323,1.391099323,0.010629323,0.4968,78.10878,8.99291,106.07463,238.6570936,157.47948,4.31028,22.51882,4.196574,17.19976,0.42315,0.04134,0.13039,0.74365,12.72494,0,57.19516,38.43427,6.00862,0.58459,0,0.591,0.1345,128.3313,4970.527
2038,8.986675513,-0.229732768,331.9128921,7.30746652,27.95592,601.49052,167.68918,48.67179683,6.57126,24.74566,56.09757143,4.675310055,1.382650055,0.010770055,0.469,78.97642,9.11684,106.27882,236.0063219,157.78402,4.32072,22.62958,4.1870398,16.40024,0.339,0.03426,0.11196,0.7139,11.85776,0,44.89304,36.21168,5.20578,0.53076,0,0.5671,0.1281,128.2852,4968.098
2039,8.918812472,-0.224491497,332.0214615,7.337613168,27.52786,593.21486,167.07279,48.41685079,6.51628,24.50793,56.22088214,4.649080788,1.374200788,0.010910788,0.4412,79.84406,9.24077,106.48301,233.3555502,158.08856,4.33116,22.74034,4.1775056,15.60072,0.25485,0.02718,0.09353,0.68415,10.99058,0,32.59092,33.98909,4.40294,0.47693,0,0.5432,0.1217,128.2391,4965.669
2040,8.850949431,-0.219250226,332.130031,7.367759815,27.0998,584.9392,166.4564,48.16190476,6.4613,24.2702,56.34419286,4.62285152,1.36575152,0.01105152,0.4134,80.7117,9.3647,106.6872,230.7047785,158.3931,4.3416,22.8511,4.1679714,14.8012,0.1707,0.0201,0.0751,0.6544,10.1234,0,20.2888,31.7665,3.6001,0.4231,0,0.5193,0.1153,128.193,4963.24
2041,8.751736056,-0.211638801,334.018393,7.427241513,26.82002,580.51137,166.3214,47.95219048,6.40511,24.01021,56.35807214,4.623467188,1.360597188,0.009087188,0.39669,80.10128,9.53775,105.6681,226.5886612,157.18093,4.35444,22.93324,4.20500336,14.28209,0.15651,0.01853,0.06976,0.63394,9.65632,0,18.44825,30.40609,3.34117,0.39941,0,0.50294,0.11118,128.126,4960.807
2042,8.65252268,-0.204027376,335.906755,7.486723211,26.54024,576.08354,166.1864,47.74247619,6.34892,23.75022,56.37195143,4.624082857,1.355442857,0.007122857,0.37998,79.49086,9.7108,104.649,222.4725439,155.96876,4.36728,23.01538,4.24203532,13.76298,0.14232,0.01696,0.06442,0.61348,9.18924,0,16.6077,29.04568,3.08224,0.37572,0,0.48658,0.10706,128.059,4958.374
2043,8.553309305,-0.196415951,337.795117,7.546204909,26.26046,571.65571,166.0514,47.5327619,6.29273,23.49023,56.38583071,4.624698525,1.350288525,0.005158525,0.36327,78.88044,9.88385,103.6299,218.3564266,154.75659,4.38012,23.09752,4.27906728,13.24387,0.12813,0.01539,0.05908,0.59302,8.72216,0,14.76715,27.68527,2.82331,0.35203,0,0.47022,0.10294,127.992,4955.941
2044,8.454095929,-0.188804526,339.683479,7.605686607,25.98068,567.22788,165.9164,47.32304762,6.23654,23.23024,56.39971,4.625314193,1.345134193,0.003194193,0.34656,78.27002,10.0569,102.6108,214.2403093,153.54442,4.39296,23.17966,4.31609924,12.72476,0.11394,0.01382,0.05374,0.57256,8.25508,0,12.9266,26.32486,2.56438,0.32834,0,0.45386,0.09882,127.925,4953.508
2045,8.354882554,-0.181193101,341.571841,7.665168305,25.7009,562.80005,165.7814,47.11333333,6.18035,22.97025,56.41358929,4.625929861,1.339979861,0.001229861,0.32985,77.6596,10.22995,101.5917,210.124192,152.33225,4.4058,23.2618,4.3531312,12.20565,0.09975,0.01225,0.0484,0.5521,7.788,0,11.08605,24.96445,2.30545,0.30465,0,0.4375,0.0947,127.858,4951.075
2046,8.254238164,-0.171150378,343.472513,7.726154594,25.42112,558.37222,165.6464,46.90361905,6.12416,22.71026,56.42746857,4.628020897,1.336300897,0.000740897,0.31314,77.04918,10.403,100.5726,206.7727219,151.12008,4.41864,23.34394,4.39138286,11.68654,0.08556,0.01068,0.04306,0.53164,7.32092,0,9.2455,23.60404,2.04652,0.28096,0,0.42114,0.09058,127.791,4948.642
2047,8.153593775,-0.161107656,345.3731849,7.787140883,25.14134,553.94439,165.5114,46.69390476,6.06797,22.45027,56.44134786,4.630111932,1.332621932,0.000251932,0.29643,76.43876,10.57605,99.5535,203.4212519,149.90791,4.43148,23.42608,4.42963452,11.16743,0.07137,0.00911,0.03772,0.51118,6.85384,0,7.40495,22.24363,1.78759,0.25727,0,0.40478,0.08646,127.724,4946.209
2048,8.052949386,-0.151064933,347.2738569,7.848127171,24.86156,549.51656,165.3764,46.48419048,6.01178,22.19028,56.45522714,4.632202967,1.328942967,-0.000237033,0.27972,75.82834,10.7491,98.5344,200.0697819,148.69574,4.44432,23.50822,4.46788618,10.64832,0.05718,0.00754,0.03238,0.49072,6.38676,0,5.5644,20.88322,1.52866,0.23358,0,0.38842,0.08234,127.657,4943.776
2049,7.952304996,-0.14102221,349.1745288,7.90911346,24.58178,545.08873,165.2414,46.27447619,5.95559,21.93029,56.46910643,4.634294002,1.325264002,-0.000725998,0.26301,75.21792,10.92215,97.5153,196.7183119,147.48357,4.45716,23.59036,4.50613784,10.12921,0.04299,0.00597,0.02704,0.47026,5.91968,0,3.72385,19.52281,1.26973,0.20989,0,0.37206,0.07822,127.59,4941.343
2050,7.851660607,-0.130979488,351.0752008,7.970099748,24.302,540.6609,165.1064,46.0647619,5.8994,21.6703,56.48298571,4.636385038,1.321585038,-0.001214962,0.2463,74.6075,11.0952,96.4962,193.3668418,146.2714,4.47,23.6725,4.5443895,9.6101,0.0288,0.0044,0.0217,0.4498,5.4526,0,1.8833,18.1624,1.0108,0.1862,0,0.3557,0.0741,127.523,4938.91
2051,7.794531086,-0.12509948,351.7535138,8.007585598,24.08556,537.97734,165.05117,45.99993651,5.86359,21.47681,56.41896857,4.6238323,1.3173223,-0.0003277,0.23542,75.55532,11.09698,95.00509,189.3421264,144.46303,4.4777,23.71806,4.59054984,9.27305,0.02641,0.00406,0.02016,0.43573,5.20103,0,1.71245,17.38459,0.9381,0.17577,0,0.34449,0.07145,127.3986,4935.479
2052,7.737401565,-0.119219472,352.4318268,8.045071447,23.86912,535.29378,164.99594,45.93511111,5.82778,21.28332,56.35495143,4.611279563,1.313059563,0.000559563,0.22454,76.50314,11.09876,93.51398,185.3174109,142.65466,4.4854,23.76362,4.63671018,8.936,0.02402,0.00372,0.01862,0.42166,4.94946,0,1.5416,16.60678,0.8654,0.16534,0,0.33328,0.0688,127.2742,4932.048
2053,7.680272045,-0.113339464,353.1101398,8.082557297,23.65268,532.61022,164.94071,45.87028571,5.79197,21.08983,56.29093429,4.598726826,1.308796826,0.001446826,0.21366,77.45096,11.10054,92.02287,181.2926955,140.84629,4.4931,23.80918,4.68287052,8.59895,0.02163,0.00338,0.01708,0.40759,4.69789,0,1.37075,15.82897,0.7927,0.15491,0,0.32207,0.06615,127.1498,4928.617
2054,7.623142524,-0.107459456,353.7884528,8.120043146,23.43624,529.92666,164.88548,45.80546032,5.75616,20.89634,56.22691714,4.586174089,1.304534089,0.002334089,0.20278,78.39878,11.10232,90.53176,177.26798,139.03792,4.5008,23.85474,4.72903086,8.2619,0.01924,0.00304,0.01554,0.39352,4.44632,0,1.1999,15.05116,0.72,0.14448,0,0.31086,0.0635,127.0254,4925.186
2055,7.566013003,-0.101579448,354.4667658,8.157528995,23.2198,527.2431,164.83025,45.74063492,5.72035,20.70285,56.1629,4.573621352,1.300271352,0.003221352,0.1919,79.3466,11.1041,89.04065,173.2432646,137.22955,4.5085,23.9003,4.7751912,7.92485,0.01685,0.0027,0.014,0.37945,4.19475,0,1.02905,14.27335,0.6473,0.13405,0,0.29965,0.06085,126.901,4921.755
2056,7.50803998,-0.097124284,355.1805638,8.194135608,23.00336,524.55954,164.77502,45.67580952,5.68454,20.50936,56.09888286,4.561998942,1.296938942,0.005038942,0.18102,80.29442,11.10588,87.54954,169.5559212,135.42118,4.5162,23.94586,4.82169742,7.5878,0.01446,0.00236,0.01246,0.36538,3.94318,0,0.8582,13.49554,0.5746,0.12362,0,0.28844,0.0582,126.7766,4918.324
2057,7.450066957,-0.09266912,355.8943619,8.230742221,22.78692,521.87598,164.71979,45.61098413,5.64873,20.31587,56.03486571,4.550376532,1.293606532,0.006856532,0.17014,81.24224,11.10766,86.05843,165.8685779,133.61281,4.5239,23.99142,4.86820364,7.25075,0.01207,0.00202,0.01092,0.35131,3.69161,0,0.68735,12.71773,0.5019,0.11319,0,0.27723,0.05555,126.6522,4914.893
2058,7.392093933,-0.088213956,356.60816,8.267348834,22.57048,519.19242,164.66456,45.54615873,5.61292,20.12238,55.97084857,4.538754122,1.290274122,0.008674122,0.15926,82.19006,11.10944,84.56732,162.1812346,131.80444,4.5316,24.03698,4.91470986,6.9137,0.00968,0.00168,0.00938,0.33724,3.44004,0,0.5165,11.93992,0.4292,0.10276,0,0.26602,0.0529,126.5278,4911.462
2059,7.33412091,-0.083758792,357.3219581,8.303955447,22.35404,516.50886,164.60933,45.48133333,5.57711,19.92889,55.90683143,4.527131712,1.286941712,0.010491712,0.14838,83.13788,11.11122,83.07621,158.4938912,129.99607,4.5393,24.08254,4.96121608,6.57665,0.00729,0.00134,0.00784,0.32317,3.18847,0,0.34565,11.16211,0.3565,0.09233,0,0.25481,0.05025,126.4034,4908.031
2060,7.276147887,-0.079303628,358.0357561,8.34056206,22.1376,513.8253,164.5541,45.41650794,5.5413,19.7354,55.84281429,4.515509302,1.283609302,0.012309302,0.1375,84.0857,11.113,81.5851,154.8065479,128.1877,4.547,24.1281,5.0077223,6.2396,0.0049,0.001,0.0063,0.3091,2.9369,0,0.1748,10.3843,0.2838,0.0819,0,0.2436,0.0476,126.279,4904.6
2061,7.227872078,-0.082145843,357.5695666,8.362628801,21.95121,512.02607,164.37543,45.43528889,5.52008,19.58147,55.74727429,4.485485841,1.281435841,0.015965841,0.13105,85.06515,11.10641,80.32873,153.0734294,126.62136,4.54515,24.15688,5.03327238,6.02076,0.00449,0.00092,0.00585,0.29943,2.80139,0,0.15895,9.93959,0.26338,0.07732,0,0.23592,0.0459,126.1765,4902.308
2062,7.179596269,-0.084988058,357.1033772,8.384695542,21.76482,510.22684,164.19676,45.45406984,5.49886,19.42754,55.65173429,4.45546238,1.27926238,0.01962238,0.1246,86.0446,11.09982,79.07236,151.3403108,125.05502,4.5433,24.18566,5.05882246,5.80192,0.00408,0.00084,0.0054,0.28976,2.66588,0,0.1431,9.49488,0.24296,0.07274,0,0.22824,0.0442,126.074,4900.016
2063,7.13132046,-0.087830272,356.6371877,8.406762282,21.57843,508.42761,164.01809,45.47285079,5.47764,19.27361,55.55619429,4.425438919,1.277088919,0.023278919,0.11815,87.02405,11.09323,77.81599,149.6071923,123.48868,4.54145,24.21444,5.08437254,5.58308,0.00367,0.00076,0.00495,0.28009,2.53037,0,0.12725,9.05017,0.22254,0.06816,0,0.22056,0.0425,125.9715,4897.724
2064,7.083044651,-0.090672487,356.1709982,8.428829023,21.39204,506.62838,163.83942,45.49163175,5.45642,19.11968,55.46065429,4.395415458,1.274915458,0.026935458,0.1117,88.0035,11.08664,76.55962,147.8740737,121.92234,4.5396,24.24322,5.10992262,5.36424,0.00326,0.00068,0.0045,0.27042,2.39486,0,0.1114,8.60546,0.20212,0.06358,0,0.21288,0.0408,125.869,4895.432
2065,7.034768842,-0.093514702,355.7048087,8.450895764,21.20565,504.82915,163.66075,45.5104127,5.4352,18.96575,55.36511429,4.365391997,1.272741997,0.030591997,0.10525,88.98295,11.08005,75.30325,146.1409551,120.356,4.53775,24.272,5.1354727,5.1454,0.00285,0.0006,0.00405,0.26075,2.25935,0,0.09555,8.16075,0.1817,0.059,0,0.2052,0.0391,125.7665,4893.14
2066,6.986946696,-0.09592263,355.3402979,8.474733477,21.01926,503.02992,163.48208,45.52919365,5.41398,18.81182,55.26957429,4.33897604,1.27417604,0.03785604,0.0988,89.9624,11.07346,74.04688,145.1566779,118.78966,4.5359,24.30078,5.16246534,4.92656,0.00244,0.00052,0.0036,0.25108,2.12384,0,0.0797,7.71604,0.16128,0.05442,0,0.19752,0.0374,125.664,4890.848
2067,6.93912455,-0.098330558,354.9757871,8.498571189,20.83287,501.23069,163.30341,45.5479746,5.39276,18.65789,55.17403429,4.312560082,1.275610082,0.045120082,0.09235,90.94185,11.06687,72.79051,144.1724007,117.22332,4.53405,24.32956,5.18945798,4.70772,0.00203,0.00044,0.00315,0.24141,1.98833,0,0.06385,7.27133,0.14086,0.04984,0,0.18984,0.0357,125.5615,4888.556
2068,6.891302404,-0.100738486,354.6112762,8.522408902,20.64648,499.43146,163.12474,45.56675556,5.37154,18.50396,55.07849429,4.286144125,1.277044125,0.052384125,0.0859,91.9213,11.06028,71.53414,143.1881235,115.65698,4.5322,24.35834,5.21645062,4.48888,0.00162,0.00036,0.0027,0.23174,1.85282,0,0.048,6.82662,0.12044,0.04526,0,0.18216,0.034,125.459,4886.264
2069,6.843480258,-0.103146414,354.2467654,8.546246615,20.46009,497.63223,162.94607,45.58553651,5.35032,18.35003,54.98295429,4.259728168,1.278478168,0.059648168,0.07945,92.90075,11.05369,70.27777,142.2038463,114.09064,4.53035,24.38712,5.24344326,4.27004,0.00121,0.00028,0.00225,0.22207,1.71731,0,0.03215,6.38191,0.10002,0.04068,0,0.17448,0.0323,125.3565,4883.972
2070,6.795658113,-0.105554343,353.8822546,8.570084328,20.2737,495.833,162.7674,45.60431746,5.3291,18.1961,54.88741429,4.233312211,1.279912211,0.066912211,0.073,93.8802,11.0471,69.0214,141.2195691,112.5243,4.5285,24.4159,5.2704359,4.0512,0.0008,0.0002,0.0018,0.2124,1.5818,0,0.0163,5.9372,0.0796,0.0361,0,0.1668,0.0306,125.254,4881.68
2071,6.749399582,-0.100032912,353.4719277,8.591326071,20.08999,495.37649,162.80356,45.67555556,5.32266,18.09769,54.76030286,4.200589426,1.279529426,0.074429426,0.06943,94.11931,11.03808,68.53842,141.3685881,111.78943,4.52566,24.46112,5.28694468,3.90912,0.00073,0.00018,0.00166,0.20575,1.50882,0,0.01482,5.68294,0.07388,0.03408,0,0.16155,0.02951,125.1588,4880.809
2072,6.70314105,-0.094511481,353.0616008,8.612567814,19.90628,494.91998,162.83972,45.74679365,5.31622,17.99928,54.63319143,4.16786664,1.27914664,0.08194664,0.06586,94.35842,11.02906,68.05544,141.517607,111.05456,4.52282,24.50634,5.30345346,3.76704,0.00066,0.00016,0.00152,0.1991,1.43584,0,0.01334,5.42868,0.06816,0.03206,0,0.1563,0.02842,125.0636,4879.938
2073,6.656882519,-0.088990051,352.6512738,8.633809558,19.72257,494.46347,162.87588,45.81803175,5.30978,17.90087,54.50608,4.135143855,1.278763855,0.089463855,0.06229,94.59753,11.02004,67.57246,141.666626,110.31969,4.51998,24.55156,5.31996224,3.62496,0.00059,0.00014,0.00138,0.19245,1.36286,0,0.01186,5.17442,0.06244,0.03004,0,0.15105,0.02733,124.9684,4879.067
2074,6.610623988,-0.08346862,352.2409469,8.655051301,19.53886,494.00696,162.91204,45.88926984,5.30334,17.80246,54.37896857,4.102421069,1.278381069,0.096981069,0.05872,94.83664,11.01102,67.08948,141.815645,109.58482,4.51714,24.59678,5.33647102,3.48288,0.00052,0.00012,0.00124,0.1858,1.28988,0,0.01038,4.92016,0.05672,0.02802,0,0.1458,0.02624,124.8732,4878.196
2075,6.564365457,-0.077947189,351.83062,8.676293044,19.35515,493.55045,162.9482,45.96050794,5.2969,17.70405,54.25185714,4.069698283,1.277998283,0.104498283,0.05515,95.07575,11.002,66.6065,141.9646639,108.84995,4.5143,24.642,5.3529798,3.3408,0.00045,0.0001,0.0011,0.17915,1.2169,0,0.0089,4.6659,0.051,0.026,0,0.14055,0.02515,124.778,4877.325
2076,6.517172813,-0.072405577,351.1950042,8.69434537,19.17144,493.09394,162.98436,46.03174603,5.29046,17.60564,54.12474571,4.029310269,1.269950269,0.104350269,0.05158,95.31486,10.99298,66.12352,140.4606863,108.11508,4.51146,24.68722,5.36467382,3.19872,0.00038,8.00E-05,0.00096,0.1725,1.14392,0,0.00742,4.41164,0.04528,0.02398,0,0.1353,0.02406,124.6828,4876.454
2077,6.469980169,-0.066863964,350.5593883,8.712397696,18.98773,492.63743,163.02052,46.10298413,5.28402,17.50723,53.99763429,3.988922254,1.261902254,0.104202254,0.04801,95.55397,10.98396,65.64054,138.9567086,107.38021,4.50862,24.73244,5.37636784,3.05664,0.00031,6.00E-05,0.00082,0.16585,1.07094,0,0.00594,4.15738,0.03956,0.02196,0,0.13005,0.02297,124.5876,4875.583
2078,6.422787525,-0.061322352,349.9237725,8.730450022,18.80402,492.18092,163.05668,46.17422222,5.27758,17.40882,53.87052286,3.948534239,1.253854239,0.104054239,0.04444,95.79308,10.97494,65.15756,137.4527309,106.64534,4.50578,24.77766,5.38806186,2.91456,0.00024,4.00E-05,0.00068,0.1592,0.99796,0,0.00446,3.90312,0.03384,0.01994,0,0.1248,0.02188,124.4924,4874.712
2079,6.375594881,-0.055780739,349.2881566,8.748502347,18.62031,491.72441,163.09284,46.24546032,5.27114,17.31041,53.74341143,3.908146225,1.245806225,0.103906225,0.04087,96.03219,10.96592,64.67458,135.9487532,105.91047,4.50294,24.82288,5.39975588,2.77248,0.00017,2.00E-05,0.00054,0.15255,0.92498,0,0.00298,3.64886,0.02812,0.01792,0,0.11955,0.02079,124.3972,4873.841
2080,6.328402237,-0.050239126,348.6525408,8.766554673,18.4366,491.2679,163.129,46.31669841,5.2647,17.212,53.6163,3.86775821,1.23775821,0.10375821,0.0373,96.2713,10.9569,64.1916,134.4447756,105.1756,4.5001,24.8681,5.4114499,2.6304,0.0001,0,0.0004,0.1459,0.852,0,0.0015,3.3946,0.0224,0.0159,0,0.1143,0.0197,124.302,4872.97
2081,6.280811395,-0.049472012,347.9381146,8.775594509,18.26296,491.04398,163.29538,46.40506667,5.26795,17.13388,53.58075786,3.818489386,1.228489386,0.103359386,0.03357,95.76453,10.93647,63.49846,131.9231008,104.20531,4.49291,24.88367,5.40299656,2.53814,9.00E-05,0,0.00038,0.14133,0.81269,0,0.00137,3.24922,0.02079,0.01501,0,0.1107,0.01899,124.3121,4873.036
2082,6.233220553,-0.048704897,347.2236884,8.784634345,18.08932,490.82006,163.46176,46.49343492,5.2712,17.05576,53.54521571,3.769220562,1.219220562,0.102960562,0.02984,95.25776,10.91604,62.80532,129.4014261,103.23502,4.48572,24.89924,5.39454322,2.44588,8.00E-05,0,0.00036,0.13676,0.77338,0,0.00124,3.10384,0.01918,0.01412,0,0.1071,0.01828,124.3222,4873.102
2083,6.185629711,-0.047937783,346.5092623,8.793674181,17.91568,490.59614,163.62814,46.58180317,5.27445,16.97764,53.50967357,3.719951739,1.209951739,0.102561739,0.02611,94.75099,10.89561,62.11218,126.8797514,102.26473,4.47853,24.91481,5.38608988,2.35362,7.00E-05,0,0.00034,0.13219,0.73407,0,0.00111,2.95846,0.01757,0.01323,0,0.1035,0.01757,124.3323,4873.168
2084,6.138038869,-0.047170668,345.7948361,8.802714017,17.74204,490.37222,163.79452,46.67017143,5.2777,16.89952,53.47413143,3.670682915,1.200682915,0.102162915,0.02238,94.24422,10.87518,61.41904,124.3580767,101.29444,4.47134,24.93038,5.37763654,2.26136,6.00E-05,0,0.00032,0.12762,0.69476,0,0.00098,2.81308,0.01596,0.01234,0,0.0999,0.01686,124.3424,4873.234
2085,6.090448027,-0.046403554,345.0804099,8.811753853,17.5684,490.1483,163.9609,46.75853968,5.28095,16.8214,53.43858929,3.621414091,1.191414091,0.101764091,0.01865,93.73745,10.85475,60.7259,121.8364019,100.32415,4.46415,24.94595,5.3691832,2.1691,5.00E-05,0,0.0003,0.12305,0.65545,0,0.00085,2.6677,0.01435,0.01145,0,0.0963,0.01615,124.3525,4873.3
2086,6.041957798,-0.045681852,344.3664915,8.820980101,17.39476,489.92438,164.12728,46.84690794,5.2842,16.74328,53.40304714,3.572084477,1.182084477,0.101304477,0.01492,93.23068,10.83432,60.03276,119.3125504,99.35386,4.45696,24.96152,5.36063188,2.07684,4.00E-05,0,0.00028,0.11848,0.61614,0,0.00072,2.52232,0.01274,0.01056,0,0.0927,0.01544,124.3626,4873.366
2087,5.993467568,-0.04496015,343.652573,8.830206349,17.22112,489.70046,164.29366,46.93527619,5.28745,16.66516,53.367505,3.522754862,1.172754862,0.100844862,0.01119,92.72391,10.81389,59.33962,116.7886988,98.38357,4.44977,24.97709,5.35208056,1.98458,3.00E-05,0,0.00026,0.11391,0.57683,0,0.00059,2.37694,0.01113,0.00967,0,0.0891,0.01473,124.3727,4873.432
2088,5.944977339,-0.044238449,342.9386545,8.839432597,17.04748,489.47654,164.46004,47.02364444,5.2907,16.58704,53.33196286,3.473425248,1.163425248,0.100385248,0.00746,92.21714,10.79346,58.64648,114.2648472,97.41328,4.44258,24.99266,5.34352924,1.89232,2.00E-05,0,0.00024,0.10934,0.53752,0,0.00046,2.23156,0.00952,0.00878,0,0.0855,0.01402,124.3828,4873.498
2089,5.89648711,-0.043516747,342.224736,8.848658845,16.87384,489.25262,164.62642,47.1120127,5.29395,16.50892,53.29642071,3.424095634,1.154095634,0.099925634,0.00373,91.71037,10.77303,57.95334,111.7409956,96.44299,4.43539,25.00823,5.33497792,1.80006,1.00E-05,0,0.00022,0.10477,0.49821,0,0.00033,2.08618,0.00791,0.00789,0,0.0819,0.01331,124.3929,4873.564
2090,5.847996881,-0.042795045,341.5108176,8.857885094,16.7002,489.0287,164.7928,47.20038095,5.2972,16.4308,53.26087857,3.374766019,1.144766019,0.099466019,0,91.2036,10.7526,57.2602,109.2171441,95.4727,4.4282,25.0238,5.3264266,1.7078,0,0,0.0002,0.1002,0.4589,0,0.0002,1.9408,0.0063,0.007,0,0.0783,0.0126,124.403,4873.63
2091,5.806930052,-0.04362842,340.8012797,8.862984521,16.55444,489.19172,164.91033,47.30165079,5.30705,16.37928,53.22527571,3.325454232,1.135334232,0.098644232,0,90.20592,10.71789,56.2117,107.0693513,94.1408,4.41651,25.01993,5.31936094,1.64769,0.0012,0,0.00018,0.09704,0.43762,0,0.00108,1.86676,0.00776,0.0071,0,0.07583,0.01215,124.4742,4874.75
2092,5.765863223,-0.044461795,340.0917419,8.868083948,16.40868,489.35474,165.02786,47.40292063,5.3169,16.32776,53.18967286,3.276142445,1.125902445,0.097822445,0,89.20824,10.68318,55.1632,104.9215586,92.8089,4.40482,25.01606,5.31229528,1.58758,0.0024,0,0.00016,0.09388,0.41634,0,0.00196,1.79272,0.00922,0.0072,0,0.07336,0.0117,124.5454,4875.87
2093,5.724796395,-0.045295169,339.382204,8.873183375,16.26292,489.51776,165.14539,47.50419048,5.32675,16.27624,53.15407,3.226830658,1.116470658,0.097000658,0,88.21056,10.64847,54.1147,102.7737658,91.477,4.39313,25.01219,5.30522962,1.52747,0.0036,0,0.00014,0.09072,0.39506,0,0.00284,1.71868,0.01068,0.0073,0,0.07089,0.01125,124.6166,4876.99
2094,5.683729566,-0.046128544,338.6726662,8.878282802,16.11716,489.68078,165.26292,47.60546032,5.3366,16.22472,53.11846714,3.17751887,1.10703887,0.09617887,0,87.21288,10.61376,53.0662,100.6259731,90.1451,4.38144,25.00832,5.29816396,1.46736,0.0048,0,0.00012,0.08756,0.37378,0,0.00372,1.64464,0.01214,0.0074,0,0.06842,0.0108,124.6878,4878.11
2095,5.642662738,-0.046961919,337.9631283,8.883382229,15.9714,489.8438,165.38045,47.70673016,5.34645,16.1732,53.08286429,3.128207083,1.097607083,0.095357083,0,86.2152,10.57905,52.0177,98.47818036,88.8132,4.36975,25.00445,5.2910983,1.40725,0.006,0,0.0001,0.0844,0.3525,0,0.0046,1.5706,0.0136,0.0075,0,0.06595,0.01035,124.759,4879.23
2096,5.600904868,-0.047769269,337.2627619,8.888814781,15.82564,490.00682,165.49798,47.808,5.3563,16.12168,53.04726143,3.079103468,1.088383468,0.094743468,0,85.21752,10.54434,50.9692,96.33726187,87.4813,4.35806,25.00058,5.28429726,1.34714,0.0072,0,8.00E-05,0.08124,0.33122,0,0.00548,1.49656,0.01506,0.0076,0,0.06348,0.0099,124.8302,4880.35
2097,5.559146998,-0.048576619,336.5623955,8.894247334,15.67988,490.16984,165.61551,47.90926984,5.36615,16.07016,53.01165857,3.029999853,1.079159853,0.094129853,0,84.21984,10.50963,49.9207,94.19634338,86.1494,4.34637,24.99671,5.27749622,1.28703,0.0084,0,6.00E-05,0.07808,0.30994,0,0.00636,1.42252,0.01652,0.0077,0,0.06101,0.00945,124.9014,4881.47
2098,5.517389128,-0.049383969,335.8620291,8.899679886,15.53412,490.33286,165.73304,48.01053968,5.376,16.01864,52.97605571,2.980896238,1.069936238,0.093516238,0,83.22216,10.47492,48.8722,92.05542489,84.8175,4.33468,24.99284,5.27069518,1.22692,0.0096,0,4.00E-05,0.07492,0.28866,0,0.00724,1.34848,0.01798,0.0078,0,0.05854,0.009,124.9726,4882.59
2099,5.475631258,-0.050191319,335.1616627,8.905112438,15.38836,490.49588,165.85057,48.11180952,5.38585,15.96712,52.94045286,2.931792623,1.060712623,0.092902623,0,82.22448,10.44021,47.8237,89.91450639,83.4856,4.32299,24.98897,5.26389414,1.16681,0.0108,0,2.00E-05,0.07176,0.26738,0,0.00812,1.27444,0.01944,0.0079,0,0.05607,0.00855,125.0438,4883.71
2100,5.433873389,-0.050998669,334.4612963,8.91054499,15.2426,490.6589,165.9681,48.21307937,5.3957,15.9156,52.90485,2.882689007,1.051489007,0.092289007,0,81.2268,10.4055,46.7752,87.7735879,82.1537,4.3113,24.9851,5.2570931,1.1067,0.012,0,0,0.0686,0.2461,0,0.009,1.2004,0.0209,0.008,0,0.0536,0.0081,125.115,4884.83
